"","celltype","skid","cil_length","pocket_length","axoneme"
"1","monociliated","2436142",3111,0,"9+2"
"2","monociliated","2436561",2105,0,"9+unclear"
"3","monociliated","2436628",2703,0,"9+2"
"4","monociliated","2436743",4538,0,"9+2"
"5","monociliated","2436781",2590,0,"9+2"
"6","monociliated","2437025",1581,0,"9+unclear"
"7","monociliated","2438555",2649,0,"9+2"
"8","monociliated","2438567",3528,0,"9+2"
"9","monociliated","2456930",3841,0,"9+2"
"10","monociliated","2456952",2755,0,"9+2"
"11","monociliated","2456961",2428,0,"9+2"
"12","monociliated","2456978",2139,0,"9+2"
"13","monociliated","2456989",5653,0,"9+2"
"14","monociliated","2457032",4371,0,"9+2"
"15","monociliated","2457045",2669,0,"9+2"
"16","monociliated","2457056",2989,0,"9+2"
"17","monociliated","2457078",2546,0,"9+2"
"18","monociliated","2457107",2616,0,"9+2"
"19","monociliated","2457136",4138,0,"9+2"
"20","monociliated","2457163",3491,0,"9+2"
"21","monociliated","2457172",1643,0,"9+2"
"22","monociliated","2457182",3918,0,"9+2"
"23","monociliated","2457203",3219,0,"9+2"
"24","monociliated","2457213",4457,0,"9+2"
"25","monociliated","2498193",2632,0,"9+2"
"26","monociliated","2457254",2525,0,"9+2"
"27","monociliated","2457264",2387,0,"9+2"
"28","monociliated","2457274",2633,0,"9+2"
"29","monociliated","2457283",3814,0,"9+2"
"30","monociliated","2457293",3948,0,"9+2"
"31","monociliated","2457303",3701,0,"9+2"
"32","monociliated","2457314",2710,0,"9+2"
"33","monociliated","2457327",3314,0,"9+2"
"34","monociliated","2457352",4287,0,"9+2"
"35","monociliated","2457359",2426,0,"9+2"
"36","monociliated","2457374",2791,0,"9+2"
"37","monociliated","2457391",7387,0,"9+2"
"38","monociliated","2457408",1888,0,"9+2"
"39","monociliated","2457417",1987,0,"9+2"
"40","monociliated","2457435",2712,0,"9+2"
"41","monociliated","2457463",1807,0,"9+2"
"42","monociliated","2457484",3131,0,"9+2"
"43","monociliated","2457494",3418,0,"9+2"
"44","monociliated","2457535",2153,0,"9+2"
"45","monociliated","2457547",7539,0,"9+2"
"46","monociliated","2457570",2741,0,"9+2"
"47","monociliated","2457579",1065,0,"9+2"
"48","monociliated","2457588",1592,0,"9+2"
"49","monociliated","2457633",4265,0,"9+2"
"50","monociliated","2457642",2528,0,"9+2"
"51","monociliated","2457652",2785,0,"9+2"
"52","monociliated","2457677",7823,0,"9+2"
"53","monociliated","2457779",371,0,"9+unclear"
"54","monociliated","2457809",2951,0,"9+2"
"55","monociliated","2457907",5025,0,"9+2"
"56","monociliated","2458027",1049,0,"9+2"
"57","monociliated","2458064",2800,0,"9+unclear"
"58","monociliated","2458079",2989,0,"9+2"
"59","monociliated","2458246",4390,0,"9+2"
"60","monociliated","2460125",948,0,"9+unclear"
"61","monociliated","2460135",1529,0,"9+unclear"
"62","monociliated","2472573",2754,0,"9+2"
"63","monociliated","2472639",2806,0,"9+unclear"
"64","monociliated","2472671",6837,0,"9+2"
"65","monociliated","2472712",3651,0,"9+2"
"66","monociliated","2472791",1359,0,"9+2"
"67","monociliated","2473261",863,0,"9+0"
"68","monociliated","2473279",2865,0,"9+2"
"69","monociliated","2473363",1876,0,"9+2"
"70","monociliated","2474811",2195,0,"9+2"
"71","monociliated","2474844",2473,0,"9+2"
"72","monociliated","2474920",1899,926,"9+2"
"73","monociliated","2475080",1971,0,"9+2"
"74","monociliated","2475090",3988,0,"9+2"
"75","monociliated","2475228",1322,0,"9+2"
"76","monociliated","2475251",2070,0,"9+2"
"77","monociliated","2475269",3168,0,"9+2"
"78","monociliated","2475330",1852,0,"9+2"
"79","monociliated","2475376",2881,0,"9+2"
"80","monociliated","2475386",2627,0,"9+2"
"81","monociliated","2475395",1309,0,"9+2"
"82","monociliated","2475462",2247,0,"9+2"
"83","monociliated","2475474",1348,0,"9+2"
"84","monociliated","2475525",523,0,"9+unclear"
"85","monociliated","2475558",1658,0,"9+2"
"86","monociliated","2475565",2309,0,"9+2"
"87","monociliated","2475574",1103,0,"9+2"
"88","monociliated","2475599",1651,0,"9+2"
"89","monociliated","2475622",1726,0,"9+2"
"90","monociliated","2475632",1459,0,"9+2"
"91","monociliated","2475658",1706,0,"9+2"
"92","monociliated","2475666",1486,0,"9+2"
"93","monociliated","2475686",1861,0,"9+2"
"94","monociliated","2475716",1977,0,"9+2"
"95","monociliated","2475760",2364,0,"9+2"
"96","monociliated","2475790",2313,0,"9+2"
"97","monociliated","2476182",2420,0,"9+2"
"98","monociliated","2476407",4212,0,"9+2"
"99","monociliated","2476445",4571,0,"9+2"
"100","monociliated","2476645",4397,0,"9+2"
"101","monociliated","2476667",1638,0,"9+2"
"102","monociliated","2476685",1951,0,"9+2"
"103","monociliated","2476704",1948,0,"9+2"
"104","monociliated","2476713",3100,0,"9+2"
"105","monociliated","2477144",1955,0,"9+2"
"106","monociliated","2477160",3341,287,"9+2"
"107","monociliated","2477170",2654,0,"9+2"
"108","monociliated","2477180",1875,0,"9+2"
"109","monociliated","2477198",2601,0,"9+2"
"110","monociliated","2477209",3971,0,"9+2"
"111","monociliated","2477232",1678,0,"9+2"
"112","monociliated","2477242",1818,0,"9+2"
"113","monociliated","2477288",3305,0,"9+2"
"114","monociliated","2477311",3042,0,"9+2"
"115","monociliated","2477321",2947,0,"9+2"
"116","monociliated","2477341",2388,0,"9+2"
"117","monociliated","2477381",1214,0,"9+2"
"118","monociliated","2477390",1770,0,"9+2"
"119","monociliated","2477402",1383,0,"9+2"
"120","monociliated","2477411",1175,0,"9+2"
"121","monociliated","2477470",1610,0,"9+2"
"122","monociliated","2477486",2230,0,"9+2"
"123","monociliated","2477516",3839,0,"9+2"
"124","monociliated","2477563",3439,0,"9+2"
"125","monociliated","2477571",813,0,"9+2"
"126","monociliated","2477580",2135,0,"9+2"
"127","monociliated","2477589",1728,0,"9+2"
"128","monociliated","2477597",2155,0,"9+2"
"129","monociliated","2477606",1188,0,"9+2"
"130","monociliated","2477615",845,0,"9+2"
"131","monociliated","2477623",1114,0,"9+2"
"132","monociliated","2477717",1232,0,"9+2"
"133","monociliated","2477796",2292,0,"9+2"
"134","monociliated","2477807",1876,0,"9+2"
"135","monociliated","2477822",1905,0,"9+2"
"136","monociliated","2477830",2755,0,"9+unclear"
"137","monociliated","2477849",2904,0,"9+2"
"138","monociliated","2477870",1318,0,"9+2"
"139","monociliated","2477929",1747,0,"9+2"
"140","monociliated","2477939",1641,0,"9+2"
"141","monociliated","2477949",1653,0,"9+2"
"142","monociliated","2477958",1795,0,"9+2"
"143","monociliated","2477967",1326,0,"9+2"
"144","monociliated","2477996",1737,0,"9+2"
"145","monociliated","2478006",1446,0,"9+2"
"146","monociliated","2478025",609,0,"9+unclear"
"147","monociliated","2478040",1541,0,"9+2"
"148","monociliated","2478049",1807,0,"9+2"
"149","monociliated","2478065",1521,0,"9+2"
"150","monociliated","2478074",1818,0,"9+2"
"151","monociliated","2478083",1745,0,"9+2"
"152","monociliated","2478094",2284,0,"9+2"
"153","monociliated","2478107",1053,0,"9+2"
"154","monociliated","2478116",1050,0,"9+2"
"155","monociliated","2478125",1108,0,"9+2"
"156","monociliated","2478164",1838,0,"9+2"
"157","monociliated","2478274",2112,0,"9+2"
"158","monociliated","2478396",2063,0,"9+2"
"159","monociliated","2478721",1162,0,"9+2"
"160","monociliated","2478737",3308,0,"9+2"
"161","monociliated","2478746",1538,0,"9+2"
"162","monociliated","2478814",1989,0,"9+2"
"163","monociliated","2478844",2372,0,"9+2"
"164","monociliated","2478852",2304,0,"9+2"
"165","monociliated","2478861",1924,0,"9+2"
"166","monociliated","2478869",1479,0,"9+2"
"167","monociliated","2478886",1918,0,"9+2"
"168","monociliated","2478913",1869,0,"9+2"
"169","monociliated","2478924",1251,0,"9+unclear"
"170","monociliated","2478944",2006,0,"9+2"
"171","monociliated","2478953",1607,0,"9+2"
"172","monociliated","2478962",2415,0,"9+2"
"173","monociliated","2478977",2058,0,"9+2"
"174","monociliated","2478992",1534,0,"9+2"
"175","monociliated","2479001",2365,0,"9+2"
"176","monociliated","2479010",1981,0,"9+2"
"177","monociliated","2479018",2274,0,"9+2"
"178","monociliated","2479093",1870,0,"9+2"
"179","monociliated","2479111",1569,0,"9+2"
"180","monociliated","2479120",1892,0,"9+2"
"181","monociliated","2479151",1762,0,"9+2"
"182","monociliated","2479161",1496,0,"9+2"
"183","monociliated","2479170",2193,0,"9+2"
"184","monociliated","2479210",1549,0,"9+2"
"185","monociliated","2479219",1009,0,"9+2"
"186","monociliated","2479246",1083,0,"9+2"
"187","monociliated","2479285",1231,0,"9+2"
"188","monociliated","2479308",1247,0,"9+2"
"189","monociliated","2479366",1724,0,"9+2"
"190","monociliated","2479470",1118,0,"9+2"
"191","monociliated","2479507",702,590,"9+2"
"192","monociliated","2480029",7115,0,"9+2"
"193","monociliated","2480082",9063,0,"9+2"
"194","monociliated","2480149",3093,0,"9+2"
"195","monociliated","2480293",7137,0,"9+2"
"196","monociliated","2480491",1159,0,"9+2"
"197","monociliated","2480667",2439,0,"9+2"
"198","monociliated","2480819",1197,0,"9+2"
"199","monociliated","2480828",876,0,"9+2"
"200","monociliated","2480871",1498,0,"9+2"
"201","monociliated","2487643",3071,0,"9+2"
"202","monociliated","2487669",887,0,"9+2"
"203","monociliated","2457089",2444,0,"9+2"
"204","biciliated","2436604",1897,0,"9+2"
"205","biciliated","2436604",1338,0,"9+2"
"206","biciliated","2436616",2206,0,"9+0"
"207","biciliated","2436616",1861,0,"9+2"
"208","biciliated","2436698",4262,0,"9+2"
"209","biciliated","2436698",3202,0,"9+2"
"210","NA","2438861",1304,0,"9+2"
"211","NA","2438861",1335,0,"9+unclear"
"212","NA","2438861",891,0,"NA"
"213","biciliated","2438874",1251,0,"9+2"
"214","biciliated","2438874",2300,0,"9+2"
"215","biciliated","2438913",1802,0,"9+2"
"216","biciliated","2438913",1587,0,"9+unclear"
"217","biciliated","2457192",3129,0,"9+2"
"218","biciliated","2457192",3186,0,"9+0"
"219","biciliated","2457226",1525,0,"9+2"
"220","biciliated","2457226",1517,0,"9+2"
"221","biciliated","2457473",3011,0,"9+2"
"222","biciliated","2457473",1886,0,"9+2"
"223","biciliated","2457895",1890,0,"9+2"
"224","biciliated","2457895",1798,0,"9+unclear"
"225","biciliated","2458099",2314,0,"9+2"
"226","biciliated","2458099",2708,0,"9+2"
"227","biciliated","2462187",3164,0,"9+0"
"228","biciliated","2462187",3087,0,"9+2"
"229","biciliated","2473377",1542,0,"9+0"
"230","biciliated","2473377",1438,0,"9+2"
"231","biciliated","2474797",1250,0,"9+2"
"232","biciliated","2474797",1188,0,"9+2"
"233","biciliated","2474930",1689,0,"NA"
"234","biciliated","2474930",1233,0,"NA"
"235","biciliated","2474943",2794,0,"9+2"
"236","biciliated","2474943",2465,0,"9+2"
"237","biciliated","2474967",1790,0,"9+2"
"238","biciliated","2474967",3019,0,"9+0"
"239","biciliated","2475100",3431,0,"9+2"
"240","biciliated","2475100",4162,0,"9+0"
"241","biciliated","2475113",1456,0,"9+2"
"242","biciliated","2475113",2388,0,"9+2"
"243","biciliated","2475179",2805,0,"9+2"
"244","biciliated","2475179",1385,0,"9+0"
"245","biciliated","2475197",3637,0,"9+2"
"246","biciliated","2475197",4307,0,"9+0"
"247","biciliated","2475207",673,0,"NA"
"248","biciliated","2475207",395,0,"NA"
"249","biciliated","2475217",1274,0,"9+2"
"250","biciliated","2475217",1135,0,"9+2"
"251","biciliated","2475366",2806,0,"9+2"
"252","biciliated","2475366",2373,0,"9+2"
"253","biciliated","2475404",551,0,"NA"
"254","biciliated","2475404",1507,0,"9+2"
"255","biciliated","2475414",1581,0,"9+2"
"256","biciliated","2475414",1468,0,"NA"
"257","biciliated","2475423",1454,0,"9+2"
"258","biciliated","2475423",1035,0,"9+2"
"259","biciliated","2475433",2595,0,"9+2"
"260","biciliated","2475433",2800,0,"9+0"
"261","biciliated","2475442",2416,0,"9+2"
"262","biciliated","2475442",1730,0,"9+2"
"263","biciliated","2475452",920,0,"9+2"
"264","biciliated","2475452",978,0,"9+2"
"265","biciliated","2475531",2126,0,"9+2"
"266","biciliated","2475531",1276,0,"9+2"
"267","biciliated","2475547",2365,0,"9+2"
"268","biciliated","2475547",2540,0,"9+0"
"269","biciliated","2475582",1749,0,"9+2"
"270","biciliated","2475582",806,0,"9+2"
"271","monociliated","2475641",2827,0,"9+2"
"272","biciliated","2475695",1896,0,"9+2"
"273","biciliated","2475695",1071,0,"9+unclear"
"274","biciliated","2475706",2916,0,"9+2"
"275","biciliated","2475706",1167,0,"9+unclear"
"276","biciliated","2475726",1307,0,"9+2"
"277","biciliated","2475726",1896,0,"9+2"
"278","biciliated","2475750",2150,0,"9+unclear"
"279","biciliated","2475750",1340,0,"NA"
"280","biciliated","2475780",2297,0,"9+2"
"281","biciliated","2475780",2725,0,"9+2"
"282","biciliated","2476064",8211,0,"9+2"
"283","biciliated","2476064",8791,0,"9+2"
"284","biciliated","2476246",176,0,"NA"
"285","biciliated","2476246",1132,0,"9+2"
"286","biciliated","2476397",1495,0,"9+2"
"287","biciliated","2476397",1310,0,"9+2"
"288","biciliated","2476423",1036,0,"9+unclear"
"289","biciliated","2476423",3245,0,"9+2"
"290","biciliated","2476526",3923,0,"9+2"
"291","biciliated","2476526",3818,0,"9+2"
"292","biciliated","2476768",1738,0,"9+2"
"293","biciliated","2476768",1751,0,"9+unclear"
"294","biciliated","2476969",3790,0,"9+0"
"295","biciliated","2476969",4401,0,"9+2"
"296","biciliated","2477022",1051,0,"9+0"
"297","biciliated","2477022",1145,0,"9+0"
"298","biciliated","2477037",1150,0,"9+0"
"299","biciliated","2477037",1715,0,"NA"
"300","biciliated","2477047",1577,0,"NA"
"301","biciliated","2477047",1052,0,"NA"
"302","biciliated","2477057",940,0,"NA"
"303","biciliated","2477057",1034,0,"NA"
"304","biciliated","2477075",1728,0,"9+2"
"305","biciliated","2477075",1046,0,"9+2"
"306","biciliated","2477083",1765,0,"NA"
"307","biciliated","2477083",1701,0,"9+0"
"308","biciliated","2477095",1924,0,"9+0"
"309","biciliated","2477095",1208,0,"9+unclear"
"310","biciliated","2477105",2767,0,"9+0"
"311","biciliated","2477105",2215,0,"9+2"
"312","biciliated","2477121",2526,0,"9+2"
"313","biciliated","2477121",1315,285,"9+2"
"314","biciliated","2477131",2984,0,"9+2"
"315","biciliated","2477131",2796,0,"9+2"
"316","biciliated","2477190",3416,0,"9+0"
"317","biciliated","2477190",3590,0,"9+2"
"318","biciliated","2477220",1480,0,"9+2"
"319","biciliated","2477220",2110,0,"9+2"
"320","biciliated","2477298",1290,0,"9+unclear"
"321","biciliated","2477298",1874,0,"9+2"
"322","biciliated","2477367",4135,0,"9+0"
"323","biciliated","2477367",3459,0,"9+2"
"324","biciliated","2477420",1349,0,"9+2"
"325","biciliated","2477420",1037,0,"9+0"
"326","biciliated","2477449",654,0,"NA"
"327","biciliated","2477449",1458,0,"NA"
"328","biciliated","2477553",1487,0,"9+unclear"
"329","biciliated","2477553",1050,0,"NA"
"330","biciliated","2477745",973,463,"9+2"
"331","biciliated","2477745",832,0,"9+2"
"332","biciliated","2477884",969,0,"9+2"
"333","biciliated","2477884",1387,0,"9+2"
"334","biciliated","2477892",3570,0,"9+2"
"335","biciliated","2477892",2998,0,"9+0"
"336","biciliated","2477976",1372,0,"9+2"
"337","biciliated","2477976",1162,0,"9+2"
"338","biciliated","2477986",1994,0,"9+2"
"339","biciliated","2477986",2069,0,"9+2"
"340","biciliated","2478015",802,0,"9+2"
"341","biciliated","2478015",1101,0,"9+2"
"342","biciliated","2478057",1809,0,"9+2"
"343","biciliated","2478057",1702,0,"9+0"
"344","biciliated","2478142",1452,0,"9+2"
"345","biciliated","2478142",1452,0,"9+2"
"346","multiciliated","2478345",663,0,"NA"
"347","multiciliated","2478345",1502,0,"9+2"
"348","multiciliated","2478345",835,0,"NA"
"349","biciliated","2478405",2185,0,"9+2"
"350","biciliated","2478405",2381,0,"9+2"
"351","biciliated","2478533",1636,0,"9+2"
"352","biciliated","2478533",2860,0,"9+2"
"353","biciliated","2478608",1546,0,"9+2"
"354","biciliated","2478608",1148,0,"9+2"
"355","biciliated","2478618",1762,0,"9+2"
"356","biciliated","2478618",1988,0,"9+2"
"357","biciliated","2478691",4206,0,"9+2"
"358","biciliated","2478691",4327,0,"9+0"
"359","biciliated","2478701",1368,0,"NA"
"360","biciliated","2478701",1130,0,"9+unclear"
"361","biciliated","2478729",1981,0,"9+2"
"362","biciliated","2478729",3118,0,"9+0"
"363","biciliated","2478755",2226,0,"9+2"
"364","biciliated","2478755",1932,0,"NA"
"365","biciliated","2478794",1249,0,"9+2"
"366","biciliated","2478794",1182,0,"9+2"
"367","biciliated","2478833",2353,0,"9+2"
"368","biciliated","2478833",2434,0,"9+2"
"369","biciliated","2478893",1409,0,"9+0"
"370","biciliated","2478893",1199,0,"9+2"
"371","biciliated","2478903",915,0,"9+unclear"
"372","biciliated","2478903",1284,0,"9+2"
"373","biciliated","2478933",1939,0,"9+2"
"374","biciliated","2478933",1775,0,"9+2"
"375","biciliated","2479039",2246,0,"9+2"
"376","biciliated","2479039",2510,0,"9+2"
"377","biciliated","2479060",1253,0,"9+2"
"378","biciliated","2479060",2212,0,"9+0"
"379","biciliated","2479070",2142,0,"9+2"
"380","biciliated","2479070",1408,0,"9+2"
"381","biciliated","2479101",1033,0,"NA"
"382","biciliated","2479101",1310,0,"9+2"
"383","biciliated","2479179",1328,0,"9+2"
"384","biciliated","2479179",702,0,"9+0"
"385","biciliated","2479188",860,0,"9+0"
"386","biciliated","2479188",1489,0,"NA"
"387","biciliated","2479198",1219,0,"9+unclear"
"388","biciliated","2479198",1611,0,"9+2"
"389","biciliated","2479227",1519,0,"9+2"
"390","biciliated","2479227",1241,0,"9+unclear"
"391","biciliated","2479237",1308,0,"9+2"
"392","biciliated","2479237",1042,0,"9+2"
"393","biciliated","2479326",2661,0,"9+2"
"394","biciliated","2479326",2573,0,"9+2"
"395","biciliated","2479347",1381,0,"9+2"
"396","biciliated","2479347",1195,0,"NA"
"397","biciliated","2479375",1443,0,"9+2"
"398","biciliated","2479375",1074,0,"9+2"
"399","biciliated","2479419",974,0,"9+2"
"400","biciliated","2479419",710,0,"9+2"
"401","biciliated","2479440",1596,0,"9+2"
"402","biciliated","2479440",1296,0,"NA"
"403","biciliated","2479460",1457,0,"9+2"
"404","biciliated","2479460",1533,0,"9+2"
"405","biciliated","2479479",1562,0,"9+2"
"406","biciliated","2479479",1731,0,"9+unclear"
"407","biciliated","2479490",1077,0,"9+2"
"408","biciliated","2479490",1348,0,"9+2"
"409","biciliated","2479532",2487,0,"9+2"
"410","biciliated","2479532",1202,0,"9+0"
"411","biciliated","2479542",1013,0,"9+2"
"412","biciliated","2479542",852,0,"9+2"
"413","biciliated","2479563",1711,0,"NA"
"414","biciliated","2479563",1297,0,"NA"
"415","biciliated","2479573",2123,0,"9+unclear"
"416","biciliated","2479573",2853,0,"9+2"
"417","biciliated","2479591",1319,0,"9+2"
"418","biciliated","2479591",1173,0,"9+2"
"419","biciliated","2479639",2173,0,"9+2"
"420","biciliated","2479639",403,0,"NA"
"421","biciliated","2480595",3588,0,"9+0"
"422","biciliated","2480595",2289,0,"9+2"
"423","biciliated","2480837",1609,0,"9+2"
"424","biciliated","2480837",1360,0,"9+2"
"425","biciliated","2480900",2752,0,"9+2"
"426","biciliated","2480900",2585,0,"9+0"
"427","biciliated","2480921",1257,0,"9+0"
"428","biciliated","2480921",1872,0,"9+2"
"429","biciliated","2480943",1459,0,"9+2"
"430","biciliated","2480943",1596,0,"9+2"
"431","biciliated","2487613",8561,0,"9+2"
"432","biciliated","2487613",7016,0,"9+2"
"433","biciliated","2487620",7466,0,"9+2"
"434","biciliated","2487620",8742,0,"9+2"
"435","monociliated","2478134",1431,0,"9+2"
"436","intra-multi-ciliated","2437003",6209,6209,"NA"
"437","intra-multi-ciliated","2437003",3708,3708,"9+2"
"438","intra-multi-ciliated","2437003",6132,6132,"NA"
"439","intra-multi-ciliated","2437003",3832,3832,"9+2"
"440","intra-multi-ciliated","2437003",3311,3311,"NA"
"441","intra-multi-ciliated","2437003",4291,4291,"NA"
"442","intra-multi-ciliated","2437003",4617,4617,"NA"
"443","intra-multi-ciliated","2437003",3177,3177,"NA"
"444","intra-multi-ciliated","2437003",5932,5932,"NA"
"445","intra-multi-ciliated","2437003",3889,3889,"NA"
"446","intra-multi-ciliated","2437003",3798,3798,"NA"
"447","intra-multi-ciliated","2437003",1656,1656,"NA"
"448","intra-multi-ciliated","2437003",2214,2214,"NA"
"449","intra-multi-ciliated","2437003",3389,3389,"NA"
"450","intra-multi-ciliated","2437003",6644,3645,"9+2"
"451","intra-multi-ciliated","2437003",469,469,"NA"
"452","intra-multi-ciliated","2436550",9222,7404,"NA"
"453","intra-multi-ciliated","2436550",9219,7404,"NA"
"454","intra-multi-ciliated","2436550",8894,8894,"NA"
"455","intra-multi-ciliated","2436550",8416,8416,"NA"
"456","intra-multi-ciliated","2436550",8934,8934,"NA"
"457","intra-multi-ciliated","2436550",7508,7508,"NA"
"458","intra-multi-ciliated","2436550",6491,6491,"NA"
"459","intra-multi-ciliated","2436550",9631,9631,"NA"
"460","intra-multi-ciliated","2436550",9358,9358,"NA"
"461","intra-multi-ciliated","2436550",5883,5883,"NA"
"462","intra-multi-ciliated","2436550",9811,9811,"NA"
"463","intra-multi-ciliated","2436550",9190,9190,"NA"
"464","intra-multi-ciliated","2436550",9520,9520,"NA"
"465","intra-multi-ciliated","2436550",9868,9868,"NA"
"466","intra-multi-ciliated","2436550",9537,9537,"NA"
"467","intra-multi-ciliated","2436550",9227,9227,"NA"
"468","intra-multi-ciliated","2436550",7873,7873,"NA"
"469","intra-multi-ciliated","2436550",6703,6703,"NA"
"470","intra-multi-ciliated","2436550",8411,8411,"NA"
"471","intra-multi-ciliated","2436550",8158,8158,"NA"
"472","intra-multi-ciliated","2436550",8431,8431,"NA"
"473","intra-multi-ciliated","2436550",9865,9865,"NA"
"474","NA","2480452",2336,0,"NA"
"475","NA","2480452",1479,0,"NA"
"476","NA","2480452",1429,0,"NA"
"477","intra-multi-ciliated","2438712",9638,7819,"NA"
"478","intra-multi-ciliated","2438712",8312,8312,"NA"
"479","intra-multi-ciliated","2438712",7703,7703,"NA"
"480","intra-multi-ciliated","2438712",10142,10142,"NA"
"481","intra-multi-ciliated","2438712",7817,7817,"NA"
"482","intra-multi-ciliated","2438712",3123,3123,"NA"
"483","intra-multi-ciliated","2438712",9045,9045,"NA"
"484","intra-multi-ciliated","2438712",8593,8593,"NA"
"485","intra-multi-ciliated","2438712",8724,8724,"NA"
"486","intra-multi-ciliated","2438712",9441,9441,"NA"
"487","intra-multi-ciliated","2438712",8353,8353,"NA"
"488","intra-multi-ciliated","2438712",8683,8683,"NA"
"489","intra-multi-ciliated","2438712",8895,8895,"NA"
"490","intra-multi-ciliated","2438712",8694,8694,"NA"
"491","intra-multi-ciliated","2438712",9519,9519,"NA"
"492","intra-multi-ciliated","2438712",9956,9956,"NA"
"493","intra-multi-ciliated","2438712",6880,6880,"NA"
"494","intra-multi-ciliated","2438712",9315,9315,"NA"
"495","intra-multi-ciliated","2438712",7961,7961,"NA"
"496","intra-multi-ciliated","2438712",9410,9410,"NA"
"497","intra-multi-ciliated","2438712",6897,6897,"NA"
"498","intra-multi-ciliated","2438712",6240,6240,"NA"
"499","intra-multi-ciliated","2438712",9348,9348,"NA"
"500","intra-multi-ciliated","2438712",9391,9391,"NA"
"501","intra-multi-ciliated","2438712",9366,9366,"NA"
"502","intra-multi-ciliated","2438712",8599,8599,"NA"
"503","intra-multi-ciliated","2438624",8958,8958,"NA"
"504","intra-multi-ciliated","2438624",6822,6822,"NA"
"505","intra-multi-ciliated","2438624",8073,6651,"NA"
"506","intra-multi-ciliated","2438624",7220,7220,"NA"
"507","intra-multi-ciliated","2438624",7355,7355,"NA"
"508","intra-multi-ciliated","2438624",7048,7048,"NA"
"509","intra-multi-ciliated","2438624",6680,6680,"NA"
"510","intra-multi-ciliated","2438624",7095,7095,"NA"
"511","intra-multi-ciliated","2438624",7771,7771,"NA"
"512","intra-multi-ciliated","2438624",7194,7194,"NA"
"513","intra-multi-ciliated","2438624",8225,8225,"NA"
"514","intra-multi-ciliated","2438624",7889,7889,"NA"
"515","intra-multi-ciliated","2438624",7928,7928,"NA"
"516","intra-multi-ciliated","2438624",7770,7770,"NA"
"517","intra-multi-ciliated","2438624",8690,8690,"NA"
"518","intra-multi-ciliated","2438624",8043,8043,"NA"
"519","intra-multi-ciliated","2438624",6982,6982,"NA"
"520","intra-multi-ciliated","2438624",6454,6454,"NA"
"521","intra-multi-ciliated","2438624",5715,5715,"NA"
"522","intra-multi-ciliated","2438624",8140,8140,"NA"
"523","intra-multi-ciliated","2438624",7418,7418,"NA"
"524","intra-multi-ciliated","2438644",6373,6373,"NA"
"525","intra-multi-ciliated","2438644",2820,2820,"NA"
"526","intra-multi-ciliated","2438644",5919,5919,"NA"
"527","intra-multi-ciliated","2438644",7494,7494,"NA"
"528","intra-multi-ciliated","2438644",7706,7706,"NA"
"529","intra-multi-ciliated","2438644",9340,5874,"NA"
"530","intra-multi-ciliated","2438644",7984,6537,"NA"
"531","intra-multi-ciliated","2438644",8533,8533,"NA"
"532","intra-multi-ciliated","2438644",8121,8121,"NA"
"533","intra-multi-ciliated","2438644",8039,8039,"NA"
"534","intra-multi-ciliated","2438644",7510,7510,"NA"
"535","intra-multi-ciliated","2438644",8374,8374,"NA"
"536","intra-multi-ciliated","2438644",8111,8111,"NA"
"537","intra-multi-ciliated","2438644",7286,7286,"NA"
"538","intra-multi-ciliated","2438644",8572,8572,"NA"
"539","intra-multi-ciliated","2438644",7263,7263,"NA"
"540","intra-multi-ciliated","2438644",7009,7009,"NA"
"541","intra-multi-ciliated","2438644",2786,2786,"NA"
"542","intra-multi-ciliated","2438644",6257,6257,"NA"
"543","intra-multi-ciliated","2438644",7593,7593,"NA"
"544","intra-multi-ciliated","2438644",7811,7811,"NA"
"545","intra-multi-ciliated","2438644",2137,2137,"NA"
"546","intra-multi-ciliated","2438644",7031,7031,"NA"
"547","intra-multi-ciliated","2438644",8108,8108,"NA"
"548","intra-multi-ciliated","2438644",5952,5952,"NA"
"549","intra-multi-ciliated","2438644",8883,5993,"NA"
"550","intra-multi-ciliated","2438653",8926,8926,"NA"
"551","intra-multi-ciliated","2438653",7243,7243,"NA"
"552","intra-multi-ciliated","2438653",6559,6192,"NA"
"553","intra-multi-ciliated","2438653",7109,7109,"NA"
"554","intra-multi-ciliated","2438653",8255,8255,"NA"
"555","intra-multi-ciliated","2438653",7414,7414,"NA"
"556","intra-multi-ciliated","2438653",8272,8272,"NA"
"557","intra-multi-ciliated","2438653",8502,8502,"NA"
"558","intra-multi-ciliated","2438653",7486,5562,"NA"
"559","intra-multi-ciliated","2438653",8484,8484,"NA"
"560","intra-multi-ciliated","2438653",8099,8099,"NA"
"561","intra-multi-ciliated","2438653",8624,8624,"NA"
"562","intra-multi-ciliated","2438653",7101,7101,"NA"
"563","intra-multi-ciliated","2438653",8162,8162,"NA"
"564","intra-multi-ciliated","2438653",8188,8188,"NA"
"565","intra-multi-ciliated","2438653",5640,5640,"NA"
"566","intra-multi-ciliated","2438653",7766,7766,"NA"
"567","intra-multi-ciliated","2438653",8670,8670,"NA"
"568","intra-multi-ciliated","2438810",4571,4571,"NA"
"569","intra-multi-ciliated","2438810",4981,4981,"NA"
"570","intra-multi-ciliated","2438810",5698,5698,"NA"
"571","intra-multi-ciliated","2438810",6057,6057,"NA"
"572","intra-multi-ciliated","2438810",7619,7619,"NA"
"573","intra-multi-ciliated","2438810",6771,6771,"NA"
"574","intra-multi-ciliated","2438810",5575,5575,"NA"
"575","intra-multi-ciliated","2438810",4816,4816,"NA"
"576","intra-multi-ciliated","2438810",5012,5012,"NA"
"577","intra-multi-ciliated","2438810",6414,6414,"NA"
"578","intra-multi-ciliated","2438810",5994,5994,"NA"
"579","intra-multi-ciliated","2438810",6306,5545,"NA"
"580","intra-multi-ciliated","2438810",7039,7039,"NA"
"581","intra-multi-ciliated","2438810",8114,3667,"NA"
"582","NA","2458333",4526,0,"NA"
"583","NA","2458333",4464,0,"NA"
"584","intra-multi-ciliated","2438631",4652,4652,"NA"
"585","intra-multi-ciliated","2438631",4576,4576,"NA"
"586","intra-multi-ciliated","2438631",5650,5650,"NA"
"587","intra-multi-ciliated","2438631",5442,5442,"NA"
"588","intra-multi-ciliated","2438631",5940,5940,"NA"
"589","intra-multi-ciliated","2438631",5362,5362,"NA"
"590","intra-multi-ciliated","2438631",3865,3865,"NA"
"591","intra-multi-ciliated","2438631",4719,4719,"NA"
"592","intra-multi-ciliated","2438631",4919,4919,"NA"
"593","intra-multi-ciliated","2438631",5454,5454,"NA"
"594","intra-multi-ciliated","2438631",4319,4319,"NA"
"595","intra-multi-ciliated","2438631",564,564,"NA"
"596","intra-multi-ciliated","2438631",6071,6071,"NA"
"597","intra-multi-ciliated","2438631",3201,3201,"NA"
"598","intra-multi-ciliated","2438631",4591,4591,"NA"
"599","intra-multi-ciliated","2438631",3876,3876,"NA"
"600","intra-multi-ciliated","2438631",6040,6040,"NA"
"601","intra-multi-ciliated","2438631",5801,5801,"NA"
"602","intra-multi-ciliated","2438631",4104,4104,"NA"
"603","intra-multi-ciliated","2438631",4754,4754,"NA"
"604","intra-multi-ciliated","2438631",6618,3567,"NA"
"605","intra-multi-ciliated","2438631",7215,3192,"NA"
"606","intra-multi-ciliated","2438631",6026,4885,"NA"
"607","intra-multi-ciliated","2438631",3911,3911,"NA"
"608","intra-multi-ciliated","2438827",8263,8263,"NA"
"609","intra-multi-ciliated","2438827",8493,8493,"NA"
"610","intra-multi-ciliated","2438827",6510,6510,"NA"
"611","intra-multi-ciliated","2438827",8864,8864,"NA"
"612","intra-multi-ciliated","2438827",8929,8929,"NA"
"613","intra-multi-ciliated","2438827",8427,8427,"NA"
"614","intra-multi-ciliated","2438827",8894,8894,"NA"
"615","intra-multi-ciliated","2438827",8319,8319,"NA"
"616","intra-multi-ciliated","2438827",8505,8505,"NA"
"617","intra-multi-ciliated","2438827",8404,8404,"NA"
"618","intra-multi-ciliated","2438827",8262,8262,"NA"
"619","intra-multi-ciliated","2438827",7598,7598,"NA"
"620","intra-multi-ciliated","2438827",8626,8626,"NA"
"621","intra-multi-ciliated","2438827",8242,8242,"NA"
"622","intra-multi-ciliated","2438827",8239,8239,"NA"
"623","intra-multi-ciliated","2438827",8092,8092,"NA"
"624","intra-multi-ciliated","2438827",8254,8254,"NA"
"625","intra-multi-ciliated","2438827",8196,6633,"NA"
"626","intra-multi-ciliated","2438827",7841,7841,"NA"
"627","intra-multi-ciliated","2438827",7926,7926,"NA"
"628","intra-multi-ciliated","2438827",7271,7271,"NA"
"629","intra-multi-ciliated","2438827",7105,7105,"NA"
"630","intra-multi-ciliated","2438827",7961,7961,"NA"
"631","intra-multi-ciliated","2438827",8153,8153,"NA"
"632","intra-multi-ciliated","2438827",7360,7360,"NA"
"633","intra-multi-ciliated","2438827",6976,6976,"NA"
"634","intra-multi-ciliated","2438827",8478,8478,"NA"
"635","intra-multi-ciliated","2438827",7706,7706,"NA"
"636","intra-multi-ciliated","2438834",7221,6351,"NA"
"637","intra-multi-ciliated","2438834",8376,8376,"NA"
"638","intra-multi-ciliated","2438834",8323,8323,"NA"
"639","intra-multi-ciliated","2438834",7826,7826,"NA"
"640","intra-multi-ciliated","2438834",6922,6922,"NA"
"641","intra-multi-ciliated","2438834",8200,8200,"NA"
"642","intra-multi-ciliated","2438834",7296,7296,"NA"
"643","intra-multi-ciliated","2438834",8174,8174,"NA"
"644","intra-multi-ciliated","2438834",6420,6420,"NA"
"645","intra-multi-ciliated","2438834",8179,8179,"NA"
"646","intra-multi-ciliated","2438834",7366,7366,"NA"
"647","intra-multi-ciliated","2438834",6901,6901,"NA"
"648","intra-multi-ciliated","2438834",9849,9849,"NA"
"649","intra-multi-ciliated","2438834",6991,6991,"NA"
"650","lamellate","2436662",6256,4434,"NA"
"651","lamellate","2436662",5513,5513,"NA"
"652","lamellate","2436662",4458,4458,"NA"
"653","lamellate","2436662",5390,5390,"NA"
"654","lamellate","2436662",4029,4029,"NA"
"655","lamellate","2436662",4343,4343,"NA"
"656","lamellate","2436662",5435,5435,"NA"
"657","lamellate","2436662",4161,4161,"NA"
"658","lamellate","2436662",4801,4801,"NA"
"659","lamellate","2436662",3094,3094,"NA"
"660","lamellate","2436662",5707,5707,"NA"
"661","lamellate","2436662",4534,4534,"NA"
"662","lamellate","2436662",3310,3310,"NA"
"663","lamellate","2436662",4582,4582,"NA"
"664","lamellate","2436662",3324,3324,"NA"
"665","lamellate","2436662",3930,3930,"NA"
"666","lamellate","2436662",6168,6168,"NA"
"667","lamellate","2436662",4152,4152,"NA"
"668","lamellate","2436662",3299,3299,"NA"
"669","lamellate","2436662",4928,4928,"NA"
"670","lamellate","2438846",7845,2878,"NA"
"671","lamellate","2438846",7380,2575,"NA"
"672","lamellate","2438819",2749,2749,"NA"
"673","lamellate","2438819",4079,4079,"NA"
"674","lamellate","2438819",2772,2772,"NA"
"675","lamellate","2438819",2809,2809,"NA"
"676","lamellate","2438819",1056,1056,"NA"
"677","lamellate","2438819",1901,1901,"NA"
"678","lamellate","2438819",3561,3561,"NA"
"679","lamellate","2438819",3978,3978,"NA"
"680","lamellate","2438819",3178,3178,"NA"
"681","lamellate","2438819",2699,2699,"NA"
"682","lamellate","2438819",4149,2488,"NA"
"683","lamellate","2478197",7985,3145,"NA"
"684","lamellate","2478197",7653,4247,"NA"
"685","lamellate","2478182",5748,3835,"NA"
"686","lamellate","2478182",5460,5460,"NA"
"687","lamellate","2478182",4005,4005,"NA"
"688","lamellate","2478182",4462,4462,"NA"
"689","lamellate","2478182",3698,3698,"NA"
"690","lamellate","2478182",2931,2931,"NA"
"691","lamellate","2478182",4283,4283,"NA"
"692","lamellate","2478182",3156,3156,"NA"
"693","lamellate","2478182",3126,3126,"NA"
"694","lamellate","2478182",4336,4336,"NA"
"695","lamellate","2478182",4590,4590,"NA"
"696","lamellate","2478182",5005,5005,"NA"
"697","lamellate","2478182",5109,5109,"NA"
"698","lamellate","2478182",4557,4557,"NA"
"699","lamellate","2478182",5280,5280,"NA"
"700","lamellate","2478182",4087,4087,"NA"
"701","lamellate","2478182",5263,5263,"NA"
"702","lamellate","2478182",3936,3936,"NA"
"703","lamellate","2478182",5077,5077,"NA"
"704","lamellate","2478182",4224,4224,"NA"
"705","lamellate","2478182",4808,4808,"NA"
"706","lamellate","2478182",5744,5744,"NA"
"707","lamellate","2478182",4802,4802,"NA"
"708","lamellate","2438738",5129,5129,"9+0"
"709","lamellate","2438738",3517,3517,"NA"
"710","lamellate","2438738",1437,1437,"NA"
"711","lamellate","2438738",3970,3970,"NA"
"712","lamellate","2438738",4722,4722,"NA"
"713","lamellate","2438738",3055,3055,"NA"
"714","lamellate","2438738",3799,3799,"NA"
"715","lamellate","2438738",3386,3386,"NA"
"716","lamellate","2438738",5510,3028,"9+2"
"717","lamellate","2438738",4661,4661,"NA"
"718","lamellate","2438738",3793,3793,"NA"
"719","lamellate","2438738",3070,3070,"NA"
"720","lamellate","2438738",4515,4515,"NA"
"721","lamellate","2438738",4431,4431,"NA"
"722","lamellate","2438738",5013,5013,"NA"
"723","lamellate","2438738",5503,5503,"NA"
"724","lamellate","2438738",3991,3991,"NA"
"725","lamellate","2438738",4751,4751,"NA"
"726","lamellate","2438673",3981,3981,"NA"
"727","lamellate","2438673",3976,3976,"NA"
"728","lamellate","2438673",3796,3796,"NA"
"729","lamellate","2438673",2537,2537,"NA"
"730","lamellate","2438673",3940,3940,"NA"
"731","lamellate","2438673",4236,4236,"NA"
"732","lamellate","2438673",4128,4128,"NA"
"733","lamellate","2438673",4962,4962,"NA"
"734","lamellate","2438673",4878,4878,"NA"
"735","lamellate","2438673",4704,4704,"NA"
"736","lamellate","2438673",5068,5068,"NA"
"737","lamellate","2438673",4459,4459,"NA"
"738","lamellate","2438673",4806,4806,"NA"
"739","lamellate","2438673",4044,4044,"NA"
"740","lamellate","2438673",4799,4799,"NA"
"741","lamellate","2438673",4084,4084,"NA"
"742","lamellate","2438673",3697,3697,"NA"
"743","lamellate","2438673",5803,4859,"9+2"
"744","lamellate","2436675",6727,5266,"NA"
"745","lamellate","2436675",4843,4843,"NA"
"746","lamellate","2436675",3456,3456,"NA"
"747","lamellate","2436675",3717,3717,"NA"
"748","lamellate","2436675",4036,4036,"NA"
"749","lamellate","2436675",4727,4727,"NA"
"750","lamellate","2436675",4992,4992,"NA"
"751","lamellate","2436675",5459,5459,"NA"
"752","lamellate","2436675",4225,4225,"NA"
"753","lamellate","2436675",4864,4864,"NA"
"754","lamellate","2436675",4555,4555,"NA"
"755","lamellate","2436675",4957,4957,"NA"
"756","lamellate","2436675",6660,6660,"NA"
"757","lamellate","2436675",5119,5119,"NA"
"758","lamellate","2436675",5555,5555,"NA"
"759","lamellate","2436675",4011,4011,"NA"
"760","lamellate","2436675",3213,3213,"NA"
"761","lamellate","2436675",3542,3542,"NA"
"762","lamellate","2436675",2992,2992,"NA"
"763","lamellate","2436675",2587,2587,"NA"
"764","lamellate","2436675",5294,5294,"NA"
"765","lamellate","2436675",5759,5759,"NA"
"766","lamellate","2436675",2933,2933,"NA"
"767","lamellate","2478336",6925,2337,"NA"
"768","lamellate","2478336",6163,3531,"NA"
"769","lamellate","2478336",5595,4027,"NA"
"770","lamellate","2478336",7344,3497,"9+0"
"771","lamellate","2474905",6546,4275,"NA"
"772","lamellate","2474905",6699,3586,"NA"
"773","lamellate","2474905",7364,3340,"NA"
"774","lamellate","2474905",6235,3526,"NA"
"775","monociliated","2475770",2102,0,"NA"
"776","monociliated","2457762",851,0,"NA"
"777","monociliated","2477500",1175,0,"NA"
"778","monociliated","2510657",964,0,"NA"
"779","NA","2510946",8467,0,"NA"
"780","plumose","2462199",3044,0,"NA"
"781","plumose","2462199",2769,0,"NA"
"782","plumose","2462199",2514,0,"NA"
"783","plumose","2474213",4489,0,"NA"
"784","plumose","2474213",5469,0,"NA"
"785","plumose","2474213",5313,0,"NA"
"786","multiciliated","2475316",2241,0,"NA"
"787","multiciliated","2475316",807,0,"NA"
"788","multiciliated","2475316",1064,0,"NA"
"789","biciliated","2438900",950,0,"NA"
"790","biciliated","2438900",870,0,"NA"
"791","multiciliated","2478766",1483,0,"NA"
"792","multiciliated","2478766",1238,0,"NA"
"793","multiciliated","2478766",2193,0,"NA"
"794","multiciliated","2478766",1645,0,"NA"
"795","multiciliated","2478766",1860,0,"NA"
"796","multiciliated","2478766",1894,0,"NA"
"797","multiciliated","2479049",1064,0,"NA"
"798","multiciliated","2479049",2480,0,"NA"
"799","multiciliated","2479049",2376,0,"NA"
"800","multiciliated","2475352",859,0,"NA"
"801","multiciliated","2475352",2410,0,"NA"
"802","multiciliated","2475352",1964,0,"NA"
"803","multiciliated","2475238",1319,0,"NA"
"804","multiciliated","2475238",1444,0,"NA"
"805","multiciliated","2475238",2246,0,"NA"
"806","multiciliated","2475238",1439,0,"NA"
"807","multiciliated","2474885",2467,0,"NA"
"808","multiciliated","2474885",2280,0,"NA"
"809","multiciliated","2474885",2018,0,"NA"
"810","multiciliated","2438926",1362,0,"NA"
"811","multiciliated","2438926",1335,0,"NA"
"812","multiciliated","2438926",1066,0,"NA"
"813","multiciliated","2478559",1603,0,"NA"
"814","multiciliated","2478559",942,0,"NA"
"815","multiciliated","2478559",896,0,"NA"
"816","multiciliated","2478559",1728,0,"NA"
"817","multiciliated","2478559",1231,0,"NA"
"818","NA","2515551",1003,0,"NA"
"819","monociliated","2477862",1567,0,"NA"
"820","epithelial_floor","2477921",1218,0,"NA"
"821","epithelial_floor","2477921",1650,0,"NA"
"822","plumose","2474081",3220,0,"NA"
"823","monociliated","2479317",986,0,"NA"
"824","multiciliated","2477903",1764,0,"NA"
"825","multiciliated","2477903",1393,0,"NA"
"826","multiciliated","2477903",1491,0,"NA"
"827","multiciliated","2476654",5020,0,"NA"
"828","multiciliated","2476654",5199,0,"NA"
"829","multiciliated","2476654",4494,0,"NA"
"830","multiciliated","2476654",5011,0,"NA"
"831","multiciliated","2478544",1962,0,"NA"
"832","multiciliated","2478544",2129,0,"NA"
"833","multiciliated","2478544",2720,0,"NA"
"834","multiciliated","2478544",1662,0,"NA"
"835","multiciliated","2478544",2196,0,"NA"
"836","NA","2520989",3082,0,"NA"
"837","NA","2438975",3092,0,"NA"
"838","NA","2438975",2076,0,"NA"
"839","NA","2438975",2870,0,"NA"
"840","NA","2438975",3330,0,"NA"
"841","NA","2438975",2828,0,"NA"
"842","NA","2438975",1861,0,"NA"
"843","NA","2438975",1647,0,"NA"
"844","NA","2438975",1507,0,"NA"
"845","nonciliated","2474789",2090,0,"NA"
"846","multiciliated","2478781",1472,0,"NA"
"847","multiciliated","2478781",1308,0,"NA"
"848","multiciliated","2478781",1509,0,"NA"
"849","multiciliated","2478781",1222,0,"NA"
"850","NA","2478367",1273,0,"NA"
"851","NA","2478367",1087,0,"NA"
"852","NA","2478367",1890,0,"NA"
"853","NA","2478367",1188,0,"NA"
"854","NA","2478367",1360,0,"NA"
"855","NA","2478367",1368,0,"NA"
"856","NA","2478367",1746,0,"NA"
"857","NA","2478367",1292,0,"NA"
"858","NA","2478367",1110,0,"NA"
"859","NA","2478367",1491,0,"NA"
"860","NA","2458074",3481,1209,"NA"
"861","NA","2458074",2636,1739,"NA"
"862","NA","2458074",4131,0,"NA"
"863","multiciliated","2460151",1334,0,"NA"
"864","multiciliated","2460151",987,0,"NA"
"865","multiciliated","2460151",1039,0,"NA"
"866","multiciliated","2474824",2841,0,"NA"
"867","multiciliated","2474824",2546,0,"NA"
"868","multiciliated","2474824",1788,0,"NA"
"869","multiciliated","2474824",1570,0,"NA"
"870","multiciliated","2474824",2386,0,"NA"
"871","multiciliated","2474824",1820,0,"NA"
"872","multiciliated","2474855",1330,0,"NA"
"873","multiciliated","2474855",1025,0,"NA"
"874","multiciliated","2474855",1255,0,"NA"
"875","multiciliated","2474855",720,0,"NA"
"876","multiciliated","2474871",2632,0,"NA"
"877","multiciliated","2474871",3350,0,"NA"
"878","multiciliated","2474871",2583,0,"NA"
"879","multiciliated","2478355",1931,0,"NA"
"880","multiciliated","2478355",1600,1600,"NA"
"881","multiciliated","2478355",3895,0,"NA"
"882","multiciliated","2478355",1437,0,"NA"
"883","multiciliated","2478355",1496,0,"NA"
"884","multiciliated","2474955",1228,0,"NA"
"885","multiciliated","2474955",1308,0,"NA"
"886","multiciliated","2474955",274,0,"NA"
"887","NA","2475126",2388,0,"NA"
"888","NA","2475126",1813,0,"NA"
"889","NA","2475126",1640,0,"9+0"
"890","NA","2475126",2159,0,"9+0"
"891","NA","2475126",1132,0,"NA"
"892","NA","2475126",1689,0,"NA"
"893","NA","2475126",798,0,"NA"
"894","NA","2475126",1597,0,"NA"
"895","multiciliated","2479129",1509,0,"NA"
"896","multiciliated","2479129",1258,0,"NA"
"897","multiciliated","2479129",1282,0,"NA"
"898","multiciliated","2476950",1441,0,"NA"
"899","multiciliated","2476950",3126,0,"NA"
"900","multiciliated","2479082",2391,0,"NA"
"901","multiciliated","2479082",1931,0,"NA"
"902","multiciliated","2479082",2072,0,"NA"
"903","multiciliated","2479552",1110,0,"NA"
"904","multiciliated","2479552",991,0,"NA"
"905","multiciliated","2479552",945,0,"NA"
"906","multiciliated","2479429",1125,0,"NA"
"907","multiciliated","2479429",1327,0,"NA"
"908","multiciliated","2479429",1493,0,"NA"
"909","multiciliated","2475675",924,0,"NA"
"910","multiciliated","2475675",961,0,"NA"
"911","multiciliated","2475675",1057,0,"NA"
"912","multiciliated","2479606",1895,0,"NA"
"913","multiciliated","2479606",2504,0,"NA"
"914","multiciliated","2479606",2065,0,"NA"
"915","multiciliated","2479027",1160,0,"NA"
"916","multiciliated","2479027",1391,0,"NA"
"917","multiciliated","2479027",2274,0,"NA"
"918","multiciliated","2479027",1016,0,"NA"
"919","multiciliated","2475279",1369,0,"NA"
"920","multiciliated","2475279",1101,0,"NA"
"921","multiciliated","2475279",1909,0,"9+2"
"922","multiciliated","2475279",755,0,"NA"
"923","NA","2475290",1961,0,"NA"
"924","NA","2475290",1962,0,"NA"
"925","NA","2475290",2710,0,"NA"
"926","NA","2475290",2432,0,"NA"
"927","NA","2475290",2373,0,"NA"
"928","NA","2475290",2800,0,"NA"
"929","multiciliated","2475339",2454,0,"NA"
"930","multiciliated","2475339",1235,0,"NA"
"931","multiciliated","2475339",1158,0,"NA"
"932","multiciliated","2475509",3356,0,"NA"
"933","multiciliated","2475509",3493,0,"NA"
"934","multiciliated","2475509",1598,0,"NA"
"935","multiciliated","2476433",3373,0,"NA"
"936","multiciliated","2476433",2398,0,"NA"
"937","multiciliated","2476433",5316,0,"NA"
"938","multiciliated","2476433",3330,0,"NA"
"939","multiciliated","2476513",1551,0,"NA"
"940","multiciliated","2476513",1208,0,"NA"
"941","multiciliated","2476513",1607,0,"NA"
"942","multiciliated","2476741",1743,0,"NA"
"943","multiciliated","2476741",2492,0,"NA"
"944","multiciliated","2476741",810,0,"NA"
"945","multiciliated","2477138",1165,0,"NA"
"946","multiciliated","2477138",1728,0,"NA"
"947","multiciliated","2477138",1288,0,"NA"
"948","multiciliated","2478154",1296,0,"NA"
"949","multiciliated","2478154",1330,0,"NA"
"950","multiciliated","2478154",1317,0,"NA"
"951","multiciliated","2478172",1794,0,"NA"
"952","multiciliated","2478172",1638,0,"NA"
"953","multiciliated","2478172",1865,0,"NA"
"954","multiciliated","2480782",1230,0,"NA"
"955","multiciliated","2480782",1223,0,"NA"
"956","multiciliated","2480782",999,0,"NA"
"957","plumose","2474377",3274,0,"NA"
"958","NA","2540037",9373,0,"NA"
"959","plumose","2436590",2090,0,"NA"
"960","plumose","2436590",2995,0,"NA"
"961","nonciliated","2458263",4428,0,"NA"
"962","plumose","2473990",2502,0,"NA"
"963","plumose","2474009",3649,0,"NA"
"964","plumose","2474022",3687,0,"NA"
"965","plumose","2474038",3627,0,"NA"
"966","plumose","2474051",2699,0,"NA"
"967","plumose","2474066",3691,0,"NA"
"968","plumose","2474137",3019,0,"NA"
"969","plumose","2474155",2847,0,"NA"
"970","plumose","2474155",3388,0,"NA"
"971","plumose","2474181",5452,0,"NA"
"972","plumose","2474196",5235,0,"NA"
"973","plumose","2474196",5206,0,"NA"
"974","plumose","2474232",5366,0,"NA"
"975","plumose","2474244",4711,0,"NA"
"976","plumose","2474259",5359,0,"NA"
"977","plumose","2474359",4726,0,"NA"
"978","plumose","2475170",3985,0,"NA"
"979","monociliated","2476636",1836,0,"NA"
"980","NA","2524156",1145,0,"NA"
"981","monociliated","2540852",1395,0,"NA"
"982","balancer","2437457",9274,0,"NA"
"983","balancer","2437457",9522,0,"NA"
"984","balancer","2437408",10005,0,"NA"
"985","balancer","2437388",9755,0,"NA"
"986","balancer","2437297",9441,0,"NA"
"987","balancer","2437303",9660,0,"NA"
"988","balancer","2436892",11418,0,"NA"
"989","NA","2567546",6711,488,"9+2"
