"","skid","neuron_name","soma","centriole","basal body","rootlets","golgi","lysosome?","multivesicular body","SER","RER","plume","large clear vesicles","small clear vesicles","vesicles","large electrondense vesicles","small dark dots","cilium tip intracellular","cilium tip inside different cell"
"1","2437832","balancer_Q1 2437833","1","0","1","0","0","0","0","0","0","0","0","0","0","0","0","0","0"
"2","2457401","non-C_2457402","1","0","0","0","0","0","0","0","0","0","0","0","0","0","0","0","0"
"3","2437733","balancer_Q1 2437734","1","0","1","0","0","0","0","0","0","0","0","0","0","0","0","0","0"
"4","2436628","monoC_middle 2436629","1","0","1","0","0","0","0","1","0","0","0","1","0","0","0","0","0"
"5","2436862","balancer_Q2 2436863","1","0","0","0","0","0","0","0","0","0","0","0","0","0","0","0","0"
"6","2436948","balancer_Q2 2436949","1","0","0","0","0","0","0","0","0","0","0","0","0","0","0","0","0"
"7","2438887","monoC_Q1Q4 2438888","1","0","1","0","0","0","0","0","0","0","0","0","0","0","0","0","0"
"8","2457484","monoC_middle 2457485","1","0","1","0","0","0","0","0","0","0","0","0","0","0","0","0","0"
"9","2457172","monoC_middle 2457173","1","0","1","0","1","0","0","0","0","0","0","0","0","0","0","0","0"
"10","2475650","EF_Q2 2475651","1","0","0","0","2","0","0","0","0","0","0","0","0","0","0","0","0"
"11","2489566","outside 2489567","1","2","11","0","1","1","0","4","1","0","0","1","0","0","0","0","0"
"12","2437313","balancer_Q3 2437314","1","0","0","0","0","0","0","0","0","0","0","0","0","0","0","0","0"
"13","2438900","biC_Q1 2438901","1","0","2","0","0","0","0","0","0","0","0","0","0","0","0","0","0"
"14","2438913","biC_Q1 2438914","1","0","2","0","0","0","0","0","0","0","0","0","0","0","0","0","0"
"15","2475452","biC_Q2 2475453","1","0","2","0","0","0","0","0","0","0","0","0","0","0","0","0","0"
"16","2437323","balancer_Q3 2437324","1","0","0","0","0","0","0","0","0","0","0","0","0","0","0","0","0"
"17","2513563","outside 2513564","1","2","11","0","1","1","0","4","1","0","0","1","0","0","0","0","0"
"18","2436737","non-C_2436738","1","0","0","0","0","0","0","0","0","0","0","0","0","0","0","0","0"
"19","2495247","outside 2495248","1","2","11","0","1","1","0","4","1","0","0","1","0","0","0","0","0"
"20","2457788","non-C_2457789","1","0","0","0","0","0","0","1","0","0","0","0","0","0","0","0","0"
"21","2473874","dome_2473875","1","0","0","0","1","0","0","0","0","0","0","0","0","0","0","0","0"
"22","2477170","monoC_Q2Q3 2477171","1","0","1","0","0","0","0","0","0","0","0","0","0","0","0","0","0"
"23","2473645","dome_2473646","1","0","0","0","0","0","0","0","0","0","0","0","0","0","0","0","0"
"24","2438653","IcMC_Q1 2438654","1","1","18","0","2","0","0","1","0","0","0","0","0","0","1","13","0"
"25","2487604","EF_Q3Q4 2487605","1","0","0","0","0","0","0","0","0","0","0","0","0","0","0","0","0"
"26","2436743","monoC_middle 2436744","1","0","1","0","0","0","1","0","0","0","0","0","0","0","0","0","0"
"27","2484371","EF_Q3Q4 2484372","1","0","0","0","1","0","0","0","0","0","0","0","0","0","0","0","0"
"28","2436565","non-C_2436566","1","0","0","0","0","0","0","0","0","0","0","0","0","0","0","0","0"
"29","2480819","monoC_middle 2480820","1","0","1","0","0","0","0","0","0","0","0","0","0","0","0","0","0"
"30","2457203","monoC_middle 2457204","1","0","1","0","0","0","0","1","0","0","0","0","0","0","0","0","0"
"31","2457417","monoC_middle 2457418","1","0","1","0","1","0","0","0","0","0","0","0","0","0","0","0","0"
"32","2436817","balancer_Q2 2436818","1","0","0","0","0","0","0","0","0","0","0","0","0","0","0","0","0"
"33","2472639","monoC_middle 2472640","1","0","1","0","0","0","0","0","0","0","0","0","0","0","0","0","0"
"34","2457129","non-C_2457130","1","0","0","0","0","0","0","0","0","0","0","0","0","0","0","0","0"
"35","2437358","balancer_Q3 2437359","1","0","0","0","0","0","0","0","0","0","0","0","0","0","0","0","0"
"36","2458290","dense vesicle cell 2458291","1","1","0","0","0","0","0","0","0","0","0","0","0","0","0","0","0"
"37","2473440","dome_2473441","1","0","0","0","0","0","0","0","1","0","0","0","0","0","0","0","0"
"38","2475658","monoC_Q2Q3 2475659","1","0","1","0","0","0","0","0","0","0","0","0","0","0","0","0","0"
"39","2496378","outside 2496379","1","2","11","0","1","1","0","4","1","0","0","1","0","0","0","0","0"
"40","2504905","outside 2504906","1","2","11","0","1","1","0","4","1","0","0","1","0","0","0","0","0"
"41","2457427","non-C_2457428","1","0","0","0","0","0","0","0","0","0","0","0","0","0","0","0","0"
"42","2473589","dome_2473590","1","0","0","0","0","0","2","0","1","0","0","0","0","0","0","0","0"
"43","2504921","outside 2504922","1","2","11","0","1","1","0","4","1","0","0","1","0","0","0","0","0"
"44","2472671","monoC_middle 2472672","1","1","1","0","0","0","0","0","0","0","0","0","0","0","0","0","0"
"45","2457107","monoC_middle 2457108","1","0","1","0","1","0","0","1","0","0","0","0","0","0","0","0","0"
"46","2437703","balancer_Q1 2437704","1","0","0","0","1","0","0","0","0","0","0","0","0","0","0","0","0"
"47","2457934","non-C_vesicle_2457935","1","0","0","0","0","0","0","0","0","0","0","2","0","0","1","0","0"
"48","2472657","non-C_2472658","1","2","0","0","1","0","0","1","0","0","0","1","0","0","0","0","0"
"49","2457213","monoC_middle 2457214","1","1","1","0","0","0","0","0","0","0","0","0","0","0","0","0","0"
"50","2458299","dense vesicle cell 2458300","1","1","0","0","0","0","0","0","0","0","0","0","0","0","0","0","0"
"51","2438631","IcMC_Q4 2438632","1","0","24","0","1","0","0","0","0","0","0","0","0","0","0","21","0"
"52","2457314","monoC_middle 2457315","1","0","1","0","0","0","0","0","0","0","0","0","0","0","0","0","0"
"53","2437378","balancer_Q3 2437379","1","0","0","0","0","0","0","0","0","0","0","0","0","0","0","0","0"
"54","2457327","monoC_middle 2457328","1","0","1","0","0","0","0","1","0","0","0","0","0","0","0","0","0"
"55","2458307","dense vesicle cell 2458308","1","0","0","0","0","0","0","0","0","0","0","0","0","0","0","0","0"
"56","2436616","biC_Q1 2436617","1","0","2","0","0","0","0","0","0","0","0","0","0","0","0","0","0"
"57","2473636","dome_2473637","1","0","0","0","1","0","2","0","1","0","0","0","0","0","0","0","0"
"58","2457945","dense vesicle cell 2457946","1","0","0","0","1","0","0","0","0","0","0","0","0","0","0","0","0"
"59","2457762","monoC_middle 2457763","1","0","1","0","0","0","0","0","0","0","0","0","0","0","0","0","0"
"60","2437738","balancer_Q1 2437739","1","0","0","0","0","0","0","0","0","0","0","0","0","0","0","0","0"
"61","2460125","monoC_middle 2460126","1","0","1","0","0","0","0","0","0","0","0","0","0","0","0","0","0"
"62","2438827","IcMC_Q2 2438828","1","0","29","0","0","0","0","0","0","0","0","0","0","0","0","26","0"
"63","2511317","outside 2511318","1","2","11","0","1","1","0","4","1","0","0","1","0","0","0","0","0"
"64","2437318","balancer_Q3 2437319","1","0","0","0","0","0","0","0","0","0","0","0","0","0","0","0","0"
"65","2480627","non-C_2480628","1","0","0","0","0","0","0","0","0","0","0","0","0","0","0","0","0"
"66","2510657","monociliated 2510658","1","0","1","0","0","0","0","0","0","0","0","0","0","0","0","0","0"
"67","2480313","non-C_2480314","1","2","0","0","0","0","0","0","0","0","0","0","0","0","0","0","0"
"68","2437138","balancer_Q4 2437139","1","0","0","0","0","0","0","0","0","0","0","0","0","0","0","0","0"
"69","2437723","balancer_Q1 2437724","1","0","0","0","0","0","0","0","0","0","0","0","0","0","0","0","0"
"70","2457337","non-C_2457338","1","0","0","0","0","0","0","0","0","0","0","0","0","0","0","0","0"
"71","2437142","balancer_Q4 2437143","1","0","0","0","0","0","0","0","0","0","0","0","0","0","0","0","0"
"72","2487635","EF_Q3Q4 2487636","1","0","0","0","0","0","0","0","0","0","0","0","0","0","0","0","0"
"73","2479532","biC_Q4 2479533","1","0","2","0","0","0","0","0","0","0","0","0","0","0","0","0","0"
"74","2458315","dense vesicle cell 2458316","1","0","0","0","0","0","0","0","0","0","0","0","0","0","0","0","0"
"75","2436898","balancer_Q2 2436899","1","0","0","0","1","0","0","0","0","0","0","0","0","0","0","0","0"
"76","2460135","monoC_middle 2460136","1","0","1","0","0","0","0","0","0","0","0","1","0","0","0","0","0"
"77","2457454","non-C_2457455","1","0","0","0","1","0","0","0","0","0","0","0","0","0","0","0","0"
"78","2477105","biC_Q3 2477106","1","0","2","0","0","0","0","0","0","0","0","0","0","0","0","0","0"
"79","2458130","non-C_vesicle_2458131","1","0","0","0","0","0","0","0","0","0","0","0","0","0","0","0","0"
"80","2480399","non-C_2480400","1","0","0","0","0","0","0","0","0","0","0","0","0","0","0","0","0"
"81","2437110","balancer_Q4 2437111","1","0","0","0","0","0","0","0","0","0","0","0","0","0","0","0","0"
"82","2437150","balancer_Q4 2437151","1","0","0","0","0","0","0","0","0","0","0","0","0","0","0","0","0"
"83","2473697","dome_2473698","1","0","0","0","0","1","1","1","2","0","0","0","0","0","0","0","0"
"84","2484674","non-C_2484675","1","0","0","0","1","0","0","0","0","0","0","0","0","0","0","0","0"
"85","2458325","dense vesicle cell 2458326","1","0","0","0","0","0","0","0","0","0","0","0","0","0","0","0","0"
"86","2437154","balancer_Q4 2437155","1","0","0","0","0","0","0","0","0","0","0","0","0","0","0","0","0"
"87","2437418","balancer_Q3 2437419","1","0","0","0","0","0","0","0","0","0","0","0","0","0","0","0","0"
"88","2437158","balancer_Q4 2437159","2","0","0","0","0","0","0","0","0","0","0","0","0","0","0","0","0"
"89","2479820","balancer_Q2 2479821","1","0","0","0","0","0","0","0","0","0","0","0","0","0","0","0","0"
"90","2436943","balancer_Q2 2436944","1","0","0","0","0","0","0","0","0","0","0","0","0","0","0","0","0"
"91","2438578","balancer_Q1 2438579","1","0","0","0","0","0","0","0","0","0","0","0","0","0","0","0","0"
"92","2478804","plumose_Q1 2478805","1","0","0","0","0","0","0","0","0","1","0","0","0","0","1","0","0"
"93","2437162","balancer_Q4 2437163","1","0","0","0","1","0","0","0","0","0","0","0","0","0","0","0","0"
"94","2436807","balancer_Q2 2436808","1","0","0","0","0","0","0","0","0","0","0","0","0","0","0","0","0"
"95","2437748","balancer_Q1 2437749","1","0","0","0","0","0","0","0","0","0","0","0","0","0","0","0","0"
"96","2437423","balancer_Q3 2437424","1","0","0","0","0","0","0","0","0","0","0","0","0","0","0","0","0"
"97","2473676","dome_2473677","1","0","0","0","0","0","0","0","1","0","0","0","0","0","0","0","0"
"98","2457352","monoC_middle 2457353","1","0","1","0","0","0","0","1","0","0","0","0","0","0","0","0","0"
"99","2457264","monoC_middle 2457265","1","0","1","0","0","0","0","0","0","0","0","0","0","0","0","0","0"
"100","2456961","monoC_middle 2456962","1","0","1","0","0","0","1","1","0","0","0","0","0","0","0","0","0"
"101","2438585","balancer_Q1 2438586","1","0","0","0","0","0","0","0","0","0","0","0","0","0","0","0","0"
"102","2457966","non-C_2457967","1","0","0","0","0","0","0","0","0","0","0","0","0","0","0","0","0"
"103","2456978","monoC_middle 2456979","1","0","1","0","0","0","0","0","0","0","0","0","0","0","0","0","0"
"104","2472791","monoC_middle 2472792","1","1","1","0","0","0","0","0","0","0","0","1","0","0","0","0","0"
"105","2437166","balancer_Q4 2437167","1","0","0","0","0","0","0","0","0","0","0","0","0","0","0","0","0"
"106","2477822","monoC_Q1Q4 2477823","1","0","1","0","0","0","5","0","0","0","1","0","0","0","0","0","0"
"107","2437698","balancer_Q1 2437699","1","0","0","0","0","0","0","1","0","0","0","0","0","0","0","0","0"
"108","2437753","balancer_Q1 2437754","1","0","0","0","0","0","1","0","0","0","0","0","0","0","0","0","0"
"109","2457359","monoC_middle 2457360","1","0","1","0","0","0","0","0","0","0","0","0","0","0","0","0","0"
"110","2436827","balancer_Q2 2436828","1","0","0","0","0","0","0","0","0","0","0","0","0","0","0","0","0"
"111","2438593","balancer_Q1 2438594","1","0","0","0","0","0","0","0","0","0","0","0","0","0","0","0","0"
"112","2478312","dense vesicle cell 2478313","1","0","0","0","0","0","0","0","0","0","0","0","0","0","0","0","0"
"113","2457374","monoC_middle 2457375","1","0","1","0","0","0","1","1","0","0","0","0","0","0","0","0","0"
"114","2437170","balancer_Q4 (bicilia) 2437171","1","0","0","0","0","0","0","0","0","0","0","0","0","0","0","0","0"
"115","2457988","non-C_2457989","1","0","0","0","0","0","0","0","0","0","0","0","0","0","0","0","0"
"116","2437758","balancer_Q1 2437759","1","0","0","0","1","0","0","0","0","0","0","0","0","0","0","0","0"
"117","2458155","dense? vesicle cell 2458156","1","0","0","0","0","0","0","0","0","0","0","0","0","0","0","0","0"
"118","2480329","non-C_2480330","1","1","0","0","0","0","0","0","0","0","0","0","0","0","0","0","0"
"119","2436969","balancer_Q2 2436970","1","0","0","0","1","0","0","0","0","0","0","0","0","0","0","0","0"
"120","2462199","plumose cell 2462200","1","0","3","0","0","0","0","1","0","3","0","0","1","0","0","0","0"
"121","2474181","plumose cell 2474182","1","0","1","0","1","0","0","1","0","0","0","0","0","0","0","0","0"
"122","2457254","monoC_middle 2457255","1","0","1","0","0","1","0","1","0","0","0","0","0","0","0","0","0"
"123","2475316","multiciliated (3 cilia) cell Q3 2475317","1","0","3","0","0","0","0","0","0","0","0","0","0","0","1","0","0"
"124","2476108","EF_Q3Q4 2476109","1","0","0","0","0","0","0","0","0","0","0","0","0","0","0","0","0"
"125","2476645","monoC_Q2Q3 2476646","1","0","1","0","0","0","0","1","0","0","0","0","0","0","0","0","0"
"126","2474920","monoC_Q2Q3 2474921","1","0","1","0","0","0","0","0","0","0","0","0","0","0","0","0","0"
"127","2478049","monoC_Q1Q4 2478050","1","0","1","0","0","0","0","1","0","0","0","0","0","0","0","0","0"
"128","2477563","monoC_Q2Q3 2477564","1","0","1","0","0","0","0","0","0","0","0","0","0","0","0","0","0"
"129","2478755","biC_Q1Q4 2478756","1","0","2","0","0","1","0","0","0","0","0","0","0","0","0","0","0"
"130","2473357","non-C_2473358","1","1","0","0","0","0","0","0","0","0","0","0","0","0","0","0","0"
"131","2437743","balancer_Q1 2437744","1","0","0","0","0","0","0","0","0","0","0","0","0","0","0","0","0"
"132","2477022","biC_Q3 2477023","1","0","2","0","0","0","0","1","0","0","0","0","0","0","0","0","0"
"133","2478544","multiciliated (5 cilia) cell Q4 2478545","1","2","5","0","0","1","0","2","0","0","0","0","0","0","0","0","0"
"134","2458164","non-C_2458165","1","0","0","0","0","0","0","0","0","0","0","0","0","0","0","0","0"
"135","2458367","balancer_Q3 2458368","1","0","0","0","0","0","0","0","0","0","0","0","0","0","0","0","0"
"136","2478985","EF_Q1 2478986","1","0","0","0","0","0","0","1","0","0","0","0","0","0","0","0","0"
"137","2458004","non-C_vesicle_2458005","1","1","0","0","0","0","0","1","0","0","0","0","0","0","0","0","0"
"138","2479606","multiciliated (3 cilia) cell Q4 2479607","1","0","0","0","1","1","0","0","0","0","0","0","0","0","0","0","0"
"139","2437673","balancer_Q1 2437674","1","0","0","0","1","0","0","0","0","0","0","0","0","0","0","0","0"
"140","2475666","monoC_Q2Q3 2475667","1","0","1","0","0","0","0","0","0","0","0","0","0","0","0","0","0"
"141","2436918","balancer_Q2 2436919","1","0","0","0","0","0","0","0","0","0","0","0","0","0","0","0","0"
"142","2473471","dome_2473472","1","0","0","0","0","0","0","0","0","0","0","0","1","0","0","0","0"
"143","2479831","EF_Q1Q2 2479832","1","0","0","0","0","0","0","0","0","0","0","0","0","0","0","0","0"
"144","2477884","biC_Q1Q4 2477885","1","4","2","0","0","1","0","1","0","0","1","0","0","0","0","0","0"
"145","2474930","biC_Q2 2474931","1","0","2","0","0","0","0","0","0","0","0","0","0","0","0","0","0"
"146","2437134","balancer_Q4 2437135","1","0","0","0","1","0","0","0","0","0","0","0","0","0","0","0","0"
"147","2457032","monoC_middle 2457033","1","0","1","0","1","0","0","1","0","0","0","0","0","0","0","0","0"
"148","2457391","monoC_middle 2457392","1","0","1","0","0","0","0","0","0","0","0","0","0","0","0","0","0"
"149","2437178","balancer_Q4 2437179","1","0","0","0","0","0","0","0","0","0","0","0","0","0","0","0","0"
"150","2458011","non-C_2458012","1","0","0","0","0","0","0","0","0","0","0","0","0","0","0","0","0"
"151","2457570","monoC_middle 2457571","1","0","1","0","0","0","0","0","0","0","0","0","0","0","0","0","0"
"152","2438567","monoC_middle 2438568","1","1","1","0","0","0","0","0","0","0","0","0","0","0","0","0","0"
"153","2474445","ssCG_Q4 2474446","1","0","21","0","0","0","0","0","0","0","0","0","0","0","0","0","0"
"154","2438846","LB_Q3 2438847","1","0","2","0","0","0","0","1","0","0","0","0","0","0","0","0","0"
"155","2458138","non-C_vesicle_2458139","1","0","0","0","0","0","0","0","0","0","0","0","0","0","0","0","0"
"156","2437448","balancer_Q3 2437449","1","0","0","0","0","0","0","0","0","0","0","0","0","0","0","0","0"
"157","2437403","balancer_Q3 2437404","1","0","0","0","0","0","0","0","0","0","0","0","0","0","0","0","0"
"158","2483302","non-C_2483303","1","0","0","0","1","0","1","0","0","0","0","0","0","0","0","0","0"
"159","2437186","non-C_2437187","1","0","0","0","0","0","0","0","0","0","0","0","0","0","0","0","0"
"160","2457884","non-C_vesicle_2457885","1","0","0","0","1","0","0","0","0","0","0","1","0","0","0","0","0"
"161","2487669","monoC_Q1Q4 2487670","1","0","1","0","0","0","0","0","0","0","0","0","0","0","0","0","0"
"162","2515551","outside 2515552","1","1","1","0","0","0","0","0","0","0","0","0","0","0","0","0","0"
"163","2473959","dome_2473960","1","0","0","0","0","0","0","0","2","0","0","0","0","0","0","0","0"
"164","2514151","outside 2514152","1","5","0","0","0","0","0","0","0","0","0","0","0","0","0","0","0"
"165","2457056","monoC_middle 2457057","1","0","1","0","0","0","0","1","0","0","0","0","0","0","0","0","0"
"166","2438555","monoC_middle 2438556","1","0","1","0","0","0","0","0","0","0","0","0","0","0","0","0","0"
"167","2457850","non-C_2457851","1","0","0","0","0","0","0","0","0","0","0","0","0","0","0","0","0"
"168","2458147","dense? vesicle cell 2458148","1","0","0","0","0","0","0","0","0","0","0","0","0","0","0","0","0"
"169","2437328","balancer_Q3 2437329","1","0","0","0","0","0","0","0","0","0","0","0","0","0","0","0","0"
"170","2487661","EF_Q3Q4 2487662","1","0","0","0","0","0","1","1","0","0","0","0","0","0","0","0","0"
"171","2457535","monoC_middle 2457536","1","0","1","0","0","0","0","0","0","0","0","0","0","0","0","0","0"
"172","2474196","plumose cell 2474197","1","0","2","0","0","0","0","0","0","2","0","0","0","0","0","0","0"
"173","2475150","dome_2475151","1","0","0","0","0","0","1","0","0","0","0","0","0","0","0","0","0"
"174","2478057","biC_Q1Q4 2478058","1","0","2","0","0","0","0","0","0","0","0","0","0","0","0","0","0"
"175","2474943","biC_Q2 2474944","1","0","2","0","0","0","0","0","0","0","0","0","0","0","0","0","0"
"176","2458038","dense vesicle cell 2458039","1","0","0","0","1","0","0","0","0","0","0","0","0","0","0","0","0"
"177","2437047","bridge cell Q1Q2 2437048","1","0","0","0","2","0","1","0","0","0","0","0","2","0","0","0","0"
"178","2437728","balancer_Q1 2437729","1","0","1","0","0","0","0","0","0","0","0","0","0","0","0","0","0"
"179","2479263","EF_Q1 2479264","1","0","0","0","0","0","0","0","0","0","0","0","0","0","0","0","0"
"180","2483309","non-C_2483310","1","0","0","0","0","0","0","0","0","0","0","0","0","0","0","0","0"
"181","2479639","biC_Q4 2479640","1","0","2","0","0","0","0","0","0","0","0","0","0","0","0","0","0"
"182","2458083","non-C_vesicle_2458084","1","0","0","0","0","0","0","0","0","0","1","0","0","0","0","0","0"
"183","2458202","non-C_vesicle_2458203","1","0","0","0","1","0","1","0","0","0","0","0","0","0","0","0","0"
"184","2472595","non-C_2472596","1","0","0","0","0","0","1","1","0","0","0","0","0","0","0","0","0"
"185","2473969","dome_2473970","1","0","0","0","0","0","0","0","0","0","0","0","0","0","0","0","0"
"186","2437388","balancer_Q3 2437389","1","0","0","0","0","0","0","0","0","0","0","0","0","0","0","0","0"
"187","2477796","monoC_Q1Q4 2477797","1","0","1","0","1","0","0","0","0","0","2","0","0","0","0","0","0"
"188","2475675","multiciliated (3 cilia) cell Q2 2475676","1","0","0","0","0","0","0","0","0","0","0","0","0","0","0","0","0"
"189","2437658","balancer_Q1 2437659","1","0","0","0","0","0","0","0","0","0","0","0","0","0","0","0","0"
"190","2457547","monoC_middle 2457548","1","0","1","0","0","0","0","0","0","0","0","0","0","0","0","0","0"
"191","2436913","balancer_Q2 2436914","1","0","0","0","1","0","0","0","0","0","0","0","0","0","0","0","0"
"192","2473512","dome_Q2 2473513","1","0","0","0","0","0","0","0","1","0","0","0","0","0","0","0","0"
"193","2477571","monoC_Q2Q3 2477572","1","0","1","0","0","0","0","1","0","0","0","0","0","0","0","0","0"
"194","2474213","plumose cell 2474214","1","0","3","0","0","0","0","1","1","2","0","0","0","0","0","0","0"
"195","2478065","monoC_Q1Q4 2478066","1","0","1","0","0","0","0","1","0","0","0","0","0","0","0","0","0"
"196","2474472","ssCG_Q3 2474473","1","0","0","0","0","0","0","0","0","0","0","0","0","0","0","0","0"
"197","2458409","EF_Q3Q4 2458410","1","0","0","0","0","0","0","0","0","0","0","0","0","0","0","0","0"
"198","2479018","monoC_Q1Q4 2479019","1","0","1","0","0","0","0","1","0","0","0","0","0","0","0","0","0"
"199","2473297","non-C_2473298","1","0","0","0","0","0","0","0","0","0","0","0","0","0","0","0","0"
"200","2477311","monociliated vesicle cell Q3 2477312","1","0","1","0","1","0","0","0","0","0","4","0","0","0","0","0","0"
"201","2475330","monoC_Q2Q3 2475331","1","0","1","0","0","0","0","0","0","0","0","0","0","0","0","0","0"
"202","2474955","multiciliated (3 cilia) cell Q2 2474956","1","0","1","0","0","0","0","0","0","0","0","0","0","0","0","0","0"
"203","2475157","dome_2475158","1","0","0","0","0","0","0","0","0","0","0","0","0","0","0","0","0"
"204","2458046","non-C_vesicle_2458047","1","0","0","0","1","0","0","0","0","0","0","0","0","0","0","0","0"
"205","2458211","dense vesicle cell 2458212","1","0","0","0","0","0","0","0","0","0","0","0","0","0","0","0","0"
"206","2457226","biC_middle 2457227","1","0","2","0","0","0","0","0","0","0","0","0","0","0","0","0","0"
"207","2477807","monoC_Q1Q4 2477808","1","0","1","0","0","0","1","0","0","0","1","0","0","0","0","0","0"
"208","2473716","dome_2473717","1","0","0","0","1","0","0","0","2","0","0","0","0","0","0","0","0"
"209","2437338","balancer_Q3 2437339","1","0","0","0","0","0","0","0","0","0","0","0","0","0","0","0","0"
"210","2480023","EF_Q1Q2 2480024","1","0","0","0","0","0","0","0","0","0","0","0","0","0","0","0","0"
"211","2457078","monoC_middle 2457079","1","0","1","0","0","0","0","0","0","0","0","0","0","0","0","0","0"
"212","2437678","balancer_Q1 2437679","1","0","0","0","0","0","0","1","0","0","0","0","0","0","0","0","0"
"213","2479490","biC_Q4 2479491","1","0","2","0","0","0","0","0","0","0","0","0","0","0","0","0","0"
"214","2487651","EF_Q3Q4 2487652","1","0","0","0","0","0","0","1","0","0","0","0","0","0","0","0","0"
"215","2436822","balancer_Q2 2436823","1","0","0","0","0","0","0","0","0","0","0","0","0","0","0","0","0"
"216","2458055","dense vesicle cell 2458056","1","0","0","0","1","0","0","0","0","0","0","0","0","0","0","0","0"
"217","2472950","non-C_2472951","1","0","0","0","0","0","0","1","0","0","0","0","0","0","0","0","0"
"218","2473734","dome_2473735","1","0","0","0","0","0","0","0","1","0","0","0","0","0","0","0","0"
"219","2437199","balancer_Q4 2437200","1","0","0","0","0","0","0","0","0","0","0","0","0","0","0","0","0"
"220","2458434","non-C_Q3Q4 2458435","1","0","0","0","0","0","0","0","0","0","0","0","0","0","0","0","0"
"221","2476135","EF_Q3Q4 2476136","1","0","0","0","0","0","0","0","0","0","0","0","0","0","0","0","0"
"222","2476397","biC_Q3 2476398","1","0","2","0","0","0","0","0","0","0","0","0","0","0","0","0","0"
"223","2475486","EF_Q2 2475487","1","1","0","0","0","0","0","0","0","0","0","0","0","0","0","0","0"
"224","2474232","plumose cell 2474233","1","0","1","0","1","0","1","1","0","1","0","0","0","0","0","0","0"
"225","2437693","balancer_Q1 2437694","1","0","0","0","0","0","0","0","0","0","0","0","0","0","0","0","0"
"226","2473666","dome_2473667","1","0","0","0","1","0","0","0","2","0","0","0","0","0","0","0","0"
"227","2478074","monoC_Q1Q4 2478075","1","0","1","0","0","0","0","1","0","0","0","0","0","0","0","0","0"
"228","2480605","non-C_vesicle_2480606","1","0","0","0","0","0","0","0","0","0","0","0","0","0","0","0","0"
"229","2473322","non-ciliated cell Q1 2473323","1","17","0","0","1","0","1","0","0","0","0","0","0","0","0","0","0"
"230","2475179","biC_Q2Q3 2475180","1","0","2","0","0","0","0","0","0","0","0","0","0","0","0","0","0"
"231","2477047","biC_Q3 2477048","1","0","2","0","1","0","0","0","0","0","0","0","0","0","0","0","0"
"232","2472712","monoC_middle 2472713","1","0","1","0","0","0","0","1","0","0","0","0","0","0","0","0","0"
"233","2475339","multiciliated (3 cilia) cell Q3 2475340","1","0","2","0","0","1","0","1","0","0","0","0","0","0","0","0","0"
"234","2478336","LB_Q1 2478337","1","0","4","0","2","0","0","0","0","0","0","0","0","0","0","0","0"
"235","2457136","monoC_middle 2457137","1","0","1","0","1","0","0","0","0","0","0","0","0","0","0","0","0"
"236","2437363","balancer_Q3 2437364","1","0","0","0","0","0","1","0","0","0","0","0","0","0","0","0","0"
"237","2474772","dense vesicle cell 2474773","1","0","0","0","0","0","0","0","0","0","0","0","0","0","0","0","0"
"238","2458229","bridge? cell Q3Q4 2458230","1","0","0","0","0","0","0","0","0","0","0","0","0","0","0","0","0"
"239","2476667","monoC_Q2Q3 2476668","1","0","1","0","0","0","0","0","0","0","0","0","0","0","0","0","0"
"240","2474967","biC_Q2 2474968","1","0","2","0","1","0","0","0","0","0","0","0","0","0","0","0","0"
"241","2437203","balancer_Q4 2437204","1","0","0","0","0","0","0","0","0","0","0","0","0","0","0","0","0"
"242","2458443","EF_Q3Q4 2458444","1","0","0","0","1","0","0","0","0","0","0","0","0","0","0","0","0"
"243","2437017","non-C_2437018","1","0","0","0","0","0","0","0","0","0","0","0","0","0","0","0","0"
"244","2473555","dome_2473556","1","0","0","0","1","0","0","0","2","0","0","0","0","0","0","0","0"
"245","2476654","multiciliated (4 cilia) cell Q3 2476655","1","3","5","0","0","0","0","0","0","0","0","0","0","0","0","0","0"
"246","2476407","monoC_Q2Q3 2476408","1","0","1","0","0","0","0","0","0","0","0","0","0","0","0","0","0"
"247","2475826","EF_Q3Q4 2475827","1","0","0","0","0","0","1","0","0","0","0","0","0","0","0","0","0"
"248","2476685","monoC_Q2Q3 2476686","1","0","1","0","0","1","0","0","0","0","0","0","0","0","0","0","0"
"249","2475686","monoC_Q2Q3 2475687","1","0","1","0","0","0","0","0","0","0","0","0","0","0","0","0","0"
"250","2476142","EF_Q3Q4 2476143","1","0","0","0","0","0","0","0","0","0","0","0","0","0","0","0","0"
"251","2475491","EF_Q2 2475492","1","0","0","0","0","0","0","0","0","0","0","0","0","0","0","0","0"
"252","2477057","biC_Q3 2477058","1","1","2","0","1","0","0","0","0","0","0","0","0","0","0","0","0"
"253","2472558","non-C_vesicle_2472559","1","0","0","0","2","0","0","1","0","0","0","0","0","0","1","0","0"
"254","2474244","plumose cell 2474245","1","0","1","0","0","0","1","2","0","2","0","0","0","0","0","0","0"
"255","2437207","balancer_Q4 2437208","1","0","0","0","0","0","0","0","0","0","0","0","0","0","0","0","0"
"256","2483317","non-C_2483318","1","0","0","0","0","0","0","0","0","0","0","0","0","0","0","0","0"
"257","2473350","non-C_2473351","1","0","0","0","0","0","0","0","0","0","0","0","0","0","0","0","0"
"258","2477589","monoC_Q2Q3 2477590","1","0","1","0","0","0","0","0","0","0","0","0","0","0","0","0","0"
"259","2474780","dense vesicle cell 2474781","1","0","0","0","0","0","0","0","0","0","0","0","0","0","0","0","0"
"260","2460151","multiciliated (3 cilia) cell Q2 2460152","1","0","0","0","0","0","0","0","0","0","0","0","0","0","0","0","0"
"261","2477840","monoC_Q1Q4 2477841","1","0","0","0","0","0","0","1","0","0","1","0","0","0","0","0","0"
"262","2483324","non-C_2483325","1","0","0","0","1","0","0","0","0","0","0","0","0","0","0","0","0"
"263","2436923","balancer_Q2 2436924","1","0","0","0","0","0","0","0","0","0","0","0","0","0","0","0","0"
"264","2477849","monoC_Q1Q4 2477850","1","0","1","0","0","1","0","1","0","0","0","0","0","0","0","0","0"
"265","2480029","monoC 2480030","1","1","1","0","0","0","0","0","0","0","0","0","0","0","0","0","0"
"266","2478345","multiciliated (3 cilia) cell Q4 2478346","1","0","3","0","0","0","0","0","0","0","0","0","0","0","0","0","0"
"267","2437211","balancer_Q4 2437212","1","0","0","0","0","0","0","0","0","0","0","0","0","0","0","0","0"
"268","2458246","monoC_middle 2458247","1","0","1","0","0","0","0","0","0","0","0","0","0","0","0","0","0"
"269","2457907","monociliated vesicle cell Q3 2457908","1","0","1","0","0","0","0","0","0","0","0","0","0","0","0","0","0"
"270","2480645","non-C_2480646","1","0","0","0","0","0","0","1","0","0","0","0","0","0","0","0","0"
"271","2475497","EF_Q2 2475498","1","0","0","0","0","0","1","0","0","0","0","0","0","0","0","0","0"
"272","2475197","biC_Q2Q3 2475198","1","0","2","0","0","0","0","1","0","0","0","0","0","0","0","0","0"
"273","2478083","monoC_Q1Q4 2478084","1","1","1","0","0","0","0","0","0","0","0","0","0","0","0","0","0"
"274","2479278","EF_Q1 2479279","1","0","0","0","0","0","0","0","0","0","0","0","0","0","0","0","0"
"275","2479039","biC_Q1 2479040","1","0","2","0","0","0","0","0","0","0","0","0","1","0","0","0","0"
"276","2474789","non-C_vesicle_2474790","1","0","1","0","0","0","0","0","0","0","5","0","0","0","0","0","0"
"277","2437718","balancer_Q1 2437719","1","0","0","0","0","0","0","0","0","0","0","0","0","0","0","0","0"
"278","2477597","monoC_Q2Q3 2477598","1","0","1","0","0","0","0","0","0","0","0","0","0","0","0","0","0"
"279","2478608","biC_Q1Q4 2478609","1","0","2","0","0","0","0","0","0","0","0","0","0","0","0","0","0"
"280","2438600","bridge cell Q1Q2 2438601","1","2","0","0","0","0","0","0","0","0","0","0","0","0","0","0","0"
"281","2458079","monoC_middle 2458080","1","0","1","0","0","0","0","0","0","0","1","0","0","0","0","0","0"
"282","2477067","monoC_Q2Q3 2477068","1","0","0","0","0","0","0","0","0","0","0","0","0","0","0","0","0"
"283","2458453","dense vesicle cell 2458454","1","0","0","0","0","0","0","0","0","0","0","0","0","0","0","0","0"
"284","2437025","monoC_middle 2437026","1","0","1","0","0","0","0","0","0","0","0","0","0","0","0","0","0"
"285","2478628","non-C_vesicle_2478629","1","0","0","0","0","0","0","2","0","0","0","0","0","0","0","0","0"
"286","2437003","IcMC_Q2 2437004","1","4","16","0","0","0","0","0","0","0","0","0","0","0","1","15","0"
"287","2476694","EF_Q3 2476695","1","0","0","0","0","0","0","1","0","0","0","0","0","0","0","0","0"
"288","2474259","plumose cell 2474260","1","0","1","0","0","0","0","1","0","1","1","0","0","0","0","0","0"
"289","2476149","balancer_Q3 2476150","1","0","0","0","0","0","0","0","0","0","0","0","0","0","0","0","0"
"290","2475695","biC_Q2 2475696","1","0","2","0","0","0","0","0","0","0","0","0","0","0","0","0","0"
"291","2457579","monoC_middle 2457580","1","0","1","0","0","0","0","0","0","0","0","0","0","0","0","0","0"
"292","2437039","non-C_2437040","1","0","0","0","0","0","0","0","0","0","0","0","0","0","0","0","0"
"293","2476704","monoC_Q2Q3 2476705","1","0","1","0","0","0","0","0","0","0","0","0","0","0","0","0","0"
"294","2437215","balancer_Q4 2437216","1","0","0","0","0","0","0","0","0","0","0","0","0","0","0","0","0"
"295","2511570","outside 2511571","1","2","11","0","1","1","0","4","1","0","0","1","0","0","0","0","0"
"296","2437777","balancer_Q1 2437778","1","0","0","0","0","0","0","0","0","0","0","0","0","0","0","0","0"
"297","2480595","biC_middle 2480596","1","0","2","0","0","0","0","1","0","0","0","0","0","0","0","0","0"
"298","2474797","biC_Q2Q3 2474798","1","0","2","0","0","0","0","0","0","0","0","0","0","0","0","0","1"
"299","2477341","monoC_Q2Q3 2477342","1","0","1","0","0","0","0","0","0","0","1","0","0","0","0","0","0"
"300","2458461","dense vesicle cell 2458462","1","0","0","0","0","0","0","0","0","0","0","0","0","0","0","0","0"
"301","2474529","ssCG_Q2 2474530","1","0","0","0","0","0","0","0","0","0","0","0","0","0","0","0","0"
"302","2476156","EF_Q3Q4 2476157","1","0","0","0","0","0","0","0","0","0","0","0","0","0","0","0","0"
"303","2475207","biC_Q2Q3 2475208","1","0","2","0","0","0","0","0","0","0","0","0","0","0","0","0","0"
"304","2462187","biC_Q1Q4 2462188","1","0","2","0","0","0","0","0","0","0","0","0","0","0","0","0","0"
"305","2458468","dense vesicle cell 2458469","1","0","0","0","0","0","0","0","0","0","0","0","0","0","0","0","0"
"306","2457588","monoC_middle 2457589","1","0","1","0","0","0","0","0","0","0","0","0","0","0","0","0","0"
"307","2437782","balancer_Q1 2437783","1","0","0","0","0","0","0","0","0","0","0","0","0","0","0","0","0"
"308","2483332","non-C_2483333","1","1","0","0","0","0","1","1","0","0","0","0","0","0","0","0","0"
"309","2476423","biC_Q3 2476424","1","0","2","0","0","0","0","1","0","0","0","0","0","0","0","0","0"
"310","2457809","monoC_middle 2457810","1","0","1","0","0","0","0","0","1","0","0","0","0","0","0","0","0"
"311","2476713","monoC_Q2Q3 2476714","1","0","1","0","1","0","0","0","0","0","0","0","0","0","0","0","0"
"312","2476768","biC_Q3 2476769","1","0","2","0","0","0","0","1","0","0","0","0","0","0","0","0","0"
"313","2472766","non-C_2472767","1","0","0","0","0","0","1","2","0","0","0","1","0","0","0","0","0"
"314","2479049","multiciliated (3 cilia) cell Q1 2479050","1","10","3","0","0","0","0","1","0","0","0","0","0","0","0","0","0"
"315","2475859","EF_Q3Q4 2475860","1","0","0","0","0","0","0","0","0","0","0","0","0","0","0","0","0"
"316","2479285","monoC_Q1Q4 2479286","1","1","1","0","0","0","1","1","0","0","0","0","0","0","0","0","0"
"317","2437353","balancer_Q3 2437354","1","0","0","0","0","0","0","0","0","0","0","0","0","0","0","0","0"
"318","2438853","bristle_Q1 2438854","1","0","0","0","1","0","0","0","0","0","0","0","0","2","0","0","0"
"319","2474051","plumose cell 2474052","1","0","1","0","0","0","1","0","0","1","0","0","0","0","0","0","0"
"320","2474482","ssCG_Q3 2474483","1","0","0","0","1","0","0","0","0","0","0","0","0","0","0","0","0"
"321","2477083","biC_Q3 2477084","1","0","2","0","0","0","0","0","0","0","0","0","0","0","0","0","0"
"322","2476165","EF_Q3 2476166","1","0","0","0","1","0","0","0","0","0","0","0","0","0","0","0","0"
"323","2477623","monoC_Q2Q3 2477624","1","0","1","0","1","0","1","1","0","0","1","0","0","0","0","0","0"
"324","2478618","biC_Q1Q4 2478619","1","0","2","0","0","1","0","0","0","0","0","0","0","0","3","0","0"
"325","2473377","biC_Q1Q4 2473378","1","0","2","0","0","0","0","0","0","0","0","0","0","0","1","0","0"
"326","2475509","multiciliated (3 cilia) cell Q2 2475510","1","0","0","0","0","0","0","0","0","0","0","0","0","0","1","0","0"
"327","2479844","EF_Q1Q2 2479845","1","0","0","0","0","0","0","0","0","0","0","0","0","0","0","0","0"
"328","2480037","EF_Q1 2480038","1","1","0","0","0","0","0","0","0","0","0","0","0","0","0","0","0"
"329","2474541","ssCG_Q1 2474542","1","0","0","0","1","0","0","0","0","0","0","0","0","0","0","0","0"
"330","2480354","non-C_2480355","1","0","0","0","0","0","0","0","0","0","0","0","0","0","0","0","0"
"331","2437708","balancer_Q1 2437709","1","0","0","0","0","0","0","0","0","0","0","0","0","0","0","0","0"
"332","2437114","balancer_Q4 2437115","1","0","0","0","0","0","1","0","0","0","0","0","0","0","0","0","0"
"333","2474811","monoC_Q2Q3 2474812","1","1","1","0","1","0","0","0","0","0","0","0","0","0","0","0","0"
"334","2436953","balancer_Q2 2436954","1","0","0","0","0","0","0","0","0","0","0","0","0","0","0","0","0"
"335","2475217","biC_Q2Q3 2475218","1","0","2","0","1","0","0","1","0","0","0","0","0","0","0","0","0"
"336","2475716","monoC_Q2Q3 2475717","1","0","1","0","0","0","0","0","0","0","0","0","0","0","0","0","0"
"337","2480667","monoC_middle 2480668","1","0","1","0","0","0","0","0","0","0","0","0","0","0","0","0","0"
"338","2475376","monoC_Q2Q3 2475377","1","0","1","0","0","0","0","0","0","0","0","0","0","0","0","0","0"
"339","2477606","monoC_Q2Q3 2477607","1","0","1","0","0","0","0","0","0","0","0","0","0","0","0","0","0"
"340","2437688","balancer_Q1 2437689","1","0","0","0","0","0","0","0","0","0","0","0","0","0","0","0","0"
"341","2475865","stCG_Q3 2475866","1","0","27","1","0","0","0","0","0","0","0","0","0","0","0","0","0"
"342","2475706","biC_Q2 2475707","1","0","2","0","0","0","0","0","0","0","0","0","0","0","0","0","0"
"343","2457633","monoC_middle 2457634","1","0","1","0","1","0","1","2","0","0","0","1","0","0","0","0","0"
"344","2479292","EF_Q4 2479293","1","0","0","0","0","0","0","1","0","0","0","0","0","0","0","0","0"
"345","2477615","monoC_Q2Q3 2477616","1","0","1","0","1","0","0","0","0","0","1","0","0","0","0","0","0"
"346","2457913","non-C_vesicle_2457914","1","1","0","0","2","0","0","1","0","0","1","1","0","0","0","0","0"
"347","2458273","non-C_vesicle_2458274","1","0","0","0","1","0","0","0","0","0","0","0","0","0","0","0","0"
"348","2478094","monociliated vesicle cell Q4 2478095","1","0","1","0","0","0","1","2","0","0","2","0","0","0","0","0","0"
"349","2477870","monoC_Q1Q4 2477871","1","3","1","0","0","0","0","0","0","0","0","0","0","0","0","0","0"
"350","2457819","non-C_2457820","1","0","0","0","0","0","0","2","0","0","0","0","0","0","0","0","0"
"351","2477095","biC_Q3 2477096","1","0","2","0","0","0","0","0","0","0","0","0","0","1","0","0","0"
"352","2436550","IcMC_Q2 2436551","1","0","21","0","1","0","0","0","0","0","0","0","0","0","0","20","0"
"353","2476433","multiciliated (4 cilia) cell Q3 2476434","1","0","0","0","0","0","0","1","0","0","0","0","0","0","0","0","0"
"354","2475519","EF_Q2 2475520","1","0","0","0","0","0","0","0","0","0","0","0","0","0","0","0","0"
"355","2474066","plumose cell 2474067","1","0","1","0","0","0","0","1","0","2","0","0","0","0","0","0","0"
"356","2437787","balancer_Q1 2437788","1","0","0","0","1","0","0","1","0","0","0","0","0","0","0","0","0"
"357","2479850","stCG_Q2 2479851","1","0","0","0","0","0","0","0","0","0","0","0","0","0","0","0","0"
"358","2438861","biC_Q1 2438862","1","0","3","0","0","0","0","0","0","0","0","0","0","0","0","0","0"
"359","2474552","ssCG_Q1 2474553","1","0","0","1","0","0","1","0","0","0","0","0","0","0","0","0","0"
"360","2475726","biC_Q2 2475727","1","0","2","0","0","0","0","0","0","0","0","0","0","0","0","0","0"
"361","2475228","monoC_Q2Q3 2475229","1","0","1","0","0","0","0","0","0","0","0","0","0","0","0","0","0"
"362","2475750","biC_Q2 2475751","1","0","2","0","0","0","0","0","0","0","0","0","0","0","0","0","0"
"363","2474461","ssCG_Q4 2474462","1","0","0","0","0","0","0","0","0","0","0","0","0","0","0","0","0"
"364","2478107","monociliated long projection cell Q4 2478108","1","0","1","0","0","0","0","0","0","0","0","0","1","0","0","0","0"
"365","2475474","monoC_Q2Q3 2475475","1","0","1","0","0","0","0","0","0","0","0","0","0","0","0","0","0"
"366","2477298","biC_Q2Q3 2477299","1","0","2","0","2","0","0","0","0","0","0","1","0","0","0","0","0"
"367","2476626","EF_Q3 2476627","1","0","0","0","0","0","1","0","0","0","1","0","0","0","0","0","0"
"368","2476445","monoC_Q2Q3 2476446","1","0","1","0","0","0","0","0","0","0","0","0","0","0","0","0","0"
"369","2474824","multiciliated (6 cilia) cell Q2 2474825","1","0","6","0","0","0","0","0","0","0","0","0","0","0","0","0","0"
"370","2475395","monoC_Q2Q3 2475396","1","0","1","0","0","0","0","0","0","0","0","0","0","0","0","0","0"
"371","2475525","monoC_Q2Q3 2475526","1","0","1","0","0","0","0","0","0","0","0","0","0","0","0","0","0"
"372","2474844","monoC_Q2Q3 2474845","1","1","1","0","0","0","0","0","0","0","0","0","0","0","0","0","0"
"373","2476950","multiciliated (3 cilia) cell Q3 2476951","1","0","0","0","0","0","0","0","0","0","0","0","0","0","0","0","0"
"374","2437343","balancer_Q3 2437344","1","0","0","0","0","0","0","0","0","0","0","0","0","0","0","0","0"
"375","2478328","dense vesicle cell 2478329","1","0","0","0","0","0","0","0","0","0","0","0","0","0","0","0","0"
"376","2437174","balancer_Q4 2437175","1","0","0","0","1","0","0","0","0","0","0","0","0","0","0","0","0"
"377","2475531","biC_Q2 2475532","1","0","2","0","0","0","0","0","0","0","0","0","0","0","0","0","0"
"378","2476193","dome_2476194","1","0","0","0","0","0","0","0","1","0","0","0","0","0","0","0","0"
"379","2479859","EF_Q1Q2 2479860","1","0","0","0","0","0","1","0","0","0","0","0","0","0","0","0","0"
"380","2477632","EF_Q3 2477633","1","0","0","0","0","0","0","0","0","0","0","0","0","0","0","0","0"
"381","2476741","multiciliated (3 cilia) cell Q3 2476742","1","0","0","0","0","0","0","0","0","0","0","0","0","0","0","0","0"
"382","2478814","monoC_Q1Q4 2478815","1","1","1","0","0","0","0","1","0","0","0","0","0","0","0","0","0"
"383","2479301","EF_Q4 2479302","1","1","0","0","0","0","0","0","0","0","0","0","0","0","0","0","0"
"384","2478396","monoC_Q1Q4 2478397","1","0","1","0","0","0","0","0","0","0","0","0","0","0","0","0","0"
"385","2479070","biC_Q1 2479071","1","0","2","0","0","0","0","0","0","0","0","0","0","0","0","0","0"
"386","2476636","monoC_Q2Q3 2476637","1","0","1","0","0","0","0","0","0","0","0","0","0","0","0","0","0"
"387","2520978","outside 2520979","1","0","0","0","0","0","0","0","0","0","0","0","0","0","0","0","0"
"388","2475404","biC_Q2 2475405","1","0","2","0","0","0","0","0","0","0","0","0","0","0","0","0","0"
"389","2478116","monoC_Q1Q4 2478117","1","2","1","0","0","0","0","0","0","0","0","0","0","0","0","0","0"
"390","2475742","EF_Q2 2475743","1","0","0","0","0","0","0","0","0","0","0","0","0","0","0","0","0"
"391","2473803","dome_2473804","1","0","0","0","2","0","0","0","1","0","0","0","0","0","0","0","0"
"392","2474855","multiciliated (4 cilia) cell Q2 2474856","1","0","4","0","0","0","0","0","0","0","0","0","0","0","0","0","0"
"393","2474122","bristle_Q2 2474123","1","0","0","0","0","0","0","0","0","0","0","0","0","2","0","0","0"
"394","2473813","dome_2473814","1","0","0","0","0","0","0","0","2","0","0","0","0","0","0","0","0"
"395","2474107","bristle_Q3 2474108","1","0","0","0","1","0","0","0","0","0","0","0","0","3","0","0","0"
"396","2473626","dome_2473627","1","0","0","0","0","0","0","0","0","0","0","0","0","0","0","0","0"
"397","2476207","EF_Q3 2476208","1","0","0","0","0","0","0","0","0","0","0","0","0","0","0","0","0"
"398","2458197","non-C_vesicle_2458198","1","0","0","0","0","0","0","0","0","0","0","0","2","0","0","0","0"
"399","2479082","multiciliated (3 cilia) cell Q1 2479083","1","0","0","0","0","0","0","0","0","0","1","0","0","0","0","0","0"
"400","2477367","biC_Q2Q3 2477368","1","0","2","0","0","0","0","0","0","0","1","0","0","0","0","0","0"
"401","2477638","EF_Q3 2477639","1","0","0","0","0","0","1","0","0","0","0","0","0","0","0","0","0"
"402","2478405","biC_Q1Q4 2478406","1","0","2","0","0","0","0","1","0","0","0","0","0","0","0","0","0"
"403","2475539","EF_Q2 2475540","1","0","0","0","0","0","0","0","0","0","0","0","0","0","0","0","0"
"404","2475414","biC_Q2 2475415","1","0","2","0","0","0","0","0","0","0","0","0","0","0","0","0","0"
"405","2475261","EF_Q2 2475262","1","0","0","0","0","0","0","0","0","0","0","0","0","0","0","0","0"
"406","2479308","monoC_Q1Q4 2479309","1","0","1","0","0","0","0","0","0","0","0","0","0","0","0","0","0"
"407","2486483","ssCG_Q4 2486484","1","0","0","0","0","2","0","0","0","0","0","0","0","0","0","0","0"
"408","2477381","monoC_Q2Q3 2477382","1","0","1","0","0","0","0","0","0","0","0","0","0","0","0","0","0"
"409","2474359","plumose cell 2474360","1","0","1","0","0","0","0","2","0","2","0","0","0","0","0","0","0"
"410","2473524","dome_2473525","1","0","17","0","0","1","0","0","2","0","0","0","0","0","0","0","0"
"411","2475423","biC_Q2 2475424","1","0","2","0","0","0","0","0","0","0","0","0","0","0","0","0","0"
"412","2475547","biC_Q2 2475548","1","0","2","0","0","0","0","0","0","0","0","0","0","0","0","0","0"
"413","2479093","monoC_Q1Q4 2479094","1","0","1","0","0","0","0","0","0","0","0","0","0","0","0","0","0"
"414","2480056","EF_Q1Q2 2480057","1","1","0","0","0","0","0","0","0","0","0","0","0","0","0","0","0"
"415","2479866","stCG_Q1 2479867","1","0","0","0","0","0","0","0","0","0","0","0","0","0","0","0","0"
"416","2478134","monoC_Q1Q4 2478135","1","0","1","0","0","0","0","0","0","0","0","0","0","0","0","0","0"
"417","2477644","EF_Q3 2477645","1","0","0","0","0","0","0","0","0","0","0","0","0","0","0","0","0"
"418","2458418","non-C_Q3Q4 2458419","1","0","0","0","1","0","0","1","0","0","0","0","0","0","0","0","0"
"419","2456907","non-C_2456908","1","0","0","0","0","0","0","1","0","0","0","1","0","0","0","0","0"
"420","2483339","non-C_2483340","1","1","0","0","0","0","0","0","0","0","0","0","0","0","0","0","0"
"421","2438712","IcMC_Q1 2438713","1","1","26","0","2","0","0","1","0","0","0","0","0","0","1","25","0"
"422","2480968","non-C_2480969","1","0","0","0","1","0","0","0","0","0","0","0","0","0","0","0","0"
"423","2475760","monoC_Q2Q3 2475761","1","0","1","0","0","0","0","0","0","0","0","0","0","0","0","0","0"
"424","2475269","monoC_Q2Q3 2475270","1","0","1","0","1","0","0","1","0","0","0","0","0","0","0","0","0"
"425","2477913","EF_Q1 2477914","1","0","0","0","0","0","1","0","0","0","0","0","0","0","0","0","0"
"426","2436928","balancer_Q2 2436929","1","0","0","0","0","0","0","0","0","0","0","0","0","0","0","0","0"
"427","2436590","plumose_Q1 2436591","1","0","2","0","1","0","0","1","1","1","0","0","0","0","0","0","0"
"428","2483345","non-C_2483346","1","0","0","0","1","0","0","0","0","0","0","0","0","0","0","0","0"
"429","2437822","balancer_Q1 2437823","1","0","1","0","0","0","0","0","0","0","0","0","0","0","0","0","0"
"430","2437812","balancer_Q1 2437813","1","0","0","0","0","0","0","0","0","0","0","0","0","0","0","0","0"
"431","2520210","outside 2520211","1","2","11","0","1","1","0","4","1","0","0","1","0","0","0","0","0"
"432","2475279","multiciliated (4 cilia) cell Q2 2475280","1","0","1","0","0","0","0","0","0","0","0","0","0","0","0","0","0"
"433","2480921","biC_Q1Q4 2480922","1","0","2","0","0","0","0","1","0","0","0","1","0","0","0","0","1"
"434","2475931","EF_Q3Q4 2475932","1","0","0","0","0","0","0","0","0","0","0","0","1","0","0","0","0"
"435","2473487","dome_2473488","1","0","0","0","0","0","0","0","1","0","0","0","0","0","0","0","0"
"436","2477390","monoC_Q2Q3 2477391","1","0","1","0","0","0","1","0","0","0","0","0","0","0","0","0","0"
"437","2476229","EF_Q3 2476230","1","0","0","0","0","0","0","0","0","0","0","0","0","0","0","0","0"
"438","2477138","multiciliated (3 cilia) cell Q3 2477139","1","0","0","0","0","0","0","0","0","0","0","0","0","0","0","0","0"
"439","2480062","EF_Q1 2480063","1","0","0","0","0","0","1","0","0","0","0","0","0","0","0","0","0"
"440","2479873","EF_Q1Q2 2479874","1","0","0","0","0","0","1","1","0","0","0","1","0","0","0","0","0"
"441","2475558","monoC_Q2Q3 2475559","1","1","1","0","0","0","0","0","0","0","0","0","0","0","0","0","0"
"442","2436154","balancer_Q4 2436155","1","0","1","0","1","0","0","0","0","0","0","0","0","0","0","0","0"
"443","2474377","plumose cell 2474378","1","0","1","0","0","0","0","1","0","1","0","0","0","0","0","0","0"
"444","2475770","monoC_Q2Q3 2475771","1","0","1","0","1","0","0","0","0","0","0","0","0","0","0","0","0"
"445","2480974","dense? vesicle cell 2480975","1","0","0","0","0","0","0","0","0","0","0","0","0","0","0","0","0"
"446","2457895","biC_Q2Q3 2457896","1","0","2","0","0","0","0","0","0","0","0","0","0","0","1","0","0"
"447","2458180","non-C_vesicle_2458181","1","0","0","0","0","0","0","2","0","0","1","0","0","0","0","0","0"
"448","2479317","monoC_Q1Q4 2479318","1","2","1","0","0","0","0","0","0","0","0","0","0","0","0","0","0"
"449","2498433","dense vesicle cell 2498434","1","3","0","0","0","0","0","0","0","0","0","0","0","0","0","0","0"
"450","2473835","dome_2473836","1","0","0","0","0","0","0","0","1","0","0","0","0","0","0","0","0"
"451","2475433","biC_Q2 2475434","1","0","2","0","0","0","0","0","0","0","0","0","0","0","0","0","0"
"452","2473306","bridge cell Q1Q2 2473307","1","0","0","0","1","0","0","1","0","0","0","0","0","0","0","0","0"
"453","2436933","balancer_Q2 2436934","1","0","0","0","0","0","0","0","0","0","0","0","0","0","0","0","0"
"454","2480391","non-C_2480392","1","0","0","0","0","0","0","0","0","0","0","0","0","0","0","0","0"
"455","2476513","multiciliated (3 cilia) cell Q3 2476514","1","0","0","0","0","0","0","1","0","0","0","0","0","0","0","0","0"
"456","2473656","dome_2473657","1","0","0","0","0","0","1","0","2","0","0","0","1","0","0","0","0"
"457","2472607","dense vesicle cell 2472608","1","15","0","0","1","0","0","0","0","0","0","0","0","0","0","0","0"
"458","2478691","biC_Q1Q4 2478692","1","0","2","0","0","0","0","0","0","0","0","1","0","0","0","0","0"
"459","2478844","monoC_Q1Q4 2478845","1","1","1","0","1","0","1","1","0","0","0","0","0","0","0","0","0"
"460","2475780","biC_Q2 2475781","1","0","2","0","1","0","0","0","0","0","0","0","0","0","0","0","0"
"461","2478154","multiciliated (3 cilia) cell Q4 2478155","1","0","0","0","1","0","0","1","0","0","0","0","0","0","0","0","0"
"462","2480961","non-C_2480962","1","0","0","0","0","0","0","0","0","0","0","0","0","0","0","0","0"
"463","2477144","monoC_Q2Q3 2477145","1","0","1","0","0","0","0","0","0","0","0","0","0","0","0","0","0"
"464","2475565","monoC_Q2Q3 2475566","1","0","1","0","0","0","0","0","0","0","0","0","0","0","0","0","0"
"465","2475442","biC_Q2 2475443","1","0","2","0","0","0","0","0","0","0","0","0","0","0","0","0","0"
"466","2477580","monoC_Q2Q3 2477581","1","0","1","0","0","0","0","0","0","0","0","0","0","0","0","0","0"
"467","2437817","balancer_Q1 2437818","1","0","0","0","0","0","0","0","0","0","0","0","0","0","0","0","0"
"468","2457119","monoC_middle 2457120","1","2","0","0","1","0","0","1","0","0","0","0","0","0","0","0","0"
"469","2479326","biC_Q4 2479327","1","0","2","0","0","0","0","1","0","0","0","0","0","0","0","0","0"
"470","2475939","lithocyte 2475940","1","0","0","0","1","0","0","1","0","0","0","0","0","0","0","0","0"
"471","2480293","monoC_middle 2480294","1","0","1","0","0","0","0","0","0","0","0","0","0","0","0","0","0"
"472","2477651","EF_Q2 2477652","1","0","0","0","0","0","0","0","0","0","0","0","0","0","0","0","0"
"473","2483351","non-C_2483352","1","0","0","0","0","0","0","0","0","0","0","0","0","0","0","0","0"
"474","2479111","monoC_Q1Q4 2479112","1","0","1","0","0","0","0","0","0","0","0","0","0","0","0","0","0"
"475","2477921","EF_Q4 2477922","1","2","2","0","0","0","0","0","0","0","0","0","0","0","0","0","0"
"476","2436684","bristle_Q4 2436685","1","0","0","0","2","0","0","0","0","0","0","0","0","3","0","0","0"
"477","2481016","stCG_Q4 2481017","1","0","0","0","0","0","0","0","0","0","0","0","0","0","0","0","0"
"478","2475366","biciliated long projection cell_Q2Q3 2475367","1","0","2","0","0","0","0","0","0","0","1","0","0","0","0","0","0"
"479","2473845","dome_2473846","1","0","0","0","0","0","0","0","1","0","0","0","0","0","0","0","0"
"480","2475126","multiciliated long projection (8 cilia) cell Q2 2475127","1","0","7","0","2","0","1","0","1","0","0","0","0","0","0","0","1"
"481","2472777","non-C_2472778","1","2","0","0","0","0","0","0","0","0","0","0","0","0","0","0","0"
"482","2477658","EF_Q3 2477659","1","0","0","0","1","0","1","0","0","0","0","0","0","0","0","0","0"
"483","2476246","biC_Q3 2476247","1","0","2","0","0","0","0","1","0","0","0","0","0","0","0","0","0"
"484","2477929","monoC_Q1Q4 2477930","1","0","1","0","0","1","0","0","0","0","0","0","0","0","0","0","0"
"485","2473854","dome_2473855","1","0","0","0","1","0","0","0","0","0","0","0","0","0","0","0","0"
"486","2479339","EF_Q4 2479340","1","0","0","0","0","0","0","1","0","0","0","0","0","0","0","0","0"
"487","2436832","balancer_Q2 2436833","1","0","0","0","1","0","0","0","0","0","0","0","0","0","0","0","0"
"488","2473363","monociliated vesicle cell middle 2473364","1","0","1","0","1","0","0","0","0","0","3","0","0","0","0","0","0"
"489","2478852","monoC_Q1Q4 2478853","1","0","1","0","0","0","0","0","0","0","0","0","0","0","0","0","0"
"490","2479120","monoC_Q1Q4 2479121","1","0","1","0","0","0","0","0","0","0","0","0","0","0","0","0","0"
"491","2477402","monoC_Q2Q3 2477403","1","0","1","0","0","0","0","0","0","0","0","0","0","0","0","0","0"
"492","2475790","monoC_Q2Q3 2475791","1","0","1","0","0","0","0","0","0","0","0","0","0","0","0","0","0"
"493","2475290","multiciliated long projection cell Q3 2475291","1","0","6","0","1","0","0","3","2","0","0","0","0","0","0","0","0"
"494","2475582","biC_Q2 2475583","1","1","2","0","0","0","0","0","0","0","0","0","0","0","0","0","0"
"495","2475386","monoC_Q2Q3 2475387","1","0","1","0","1","0","0","0","0","0","0","0","0","0","0","0","0"
"496","2437383","balancer_Q3 2437384","1","0","0","0","0","0","0","0","1","0","0","0","0","0","0","0","0"
"497","2475952","stCG_Q3 2475953","1","0","0","0","1","0","1","0","0","0","0","0","0","0","0","0","0"
"498","2475799","EF_Q3 2475800","1","0","0","0","0","0","0","0","0","0","0","0","0","0","0","0","0"
"499","2477160","monoC_Q2Q3 2477161","1","0","1","0","0","0","0","0","0","0","0","0","0","0","0","0","0"
"500","2480077","EF_Q1Q2 2480078","1","0","0","0","0","0","0","0","0","0","0","0","0","0","0","0","0"
"501","2477668","EF_Q3 2477669","1","0","0","0","0","0","0","0","0","0","0","0","0","0","0","0","0"
"502","2477288","monoC_Q2Q3 2477289","1","0","1","0","2","0","0","0","0","0","0","0","0","0","0","0","0"
"503","2478861","monoC_Q1Q4 2478862","1","0","1","0","0","0","0","0","0","0","0","0","0","0","0","0","0"
"504","2480044","EF_Q1Q2 2480045","1","0","0","0","0","0","0","0","0","0","0","0","0","0","0","0","0"
"505","2436964","balancer_Q2 2436965","1","0","0","0","1","0","0","0","0","0","0","0","0","0","0","0","0"
"506","2475592","EF_Q2 2475593","1","0","0","0","0","0","0","0","0","0","0","0","0","0","0","0","0"
"507","2437118","balancer_Q4 2437119","1","0","0","0","0","0","0","0","0","0","0","0","0","0","0","0","0"
"508","2483358","non-C_2483359","1","0","0","0","0","0","1","0","0","0","0","0","0","0","0","0","0"
"509","2478182","LB_Q4 2478183","1","1","23","0","2","0","0","0","0","0","0","0","0","0","0","21","0"
"510","2436698","biC_middle 2436699","1","0","2","0","0","0","0","0","0","0","0","0","0","0","0","0","0"
"511","2478142","biC_Q1Q4 2478143","1","0","2","0","0","0","0","0","0","0","0","0","0","0","0","0","0"
"512","2477180","monoC_Q2Q3 2477181","1","0","1","0","0","0","0","0","0","0","0","0","0","0","0","0","0"
"513","2478824","EF_Q1 2478825","1","0","0","0","1","0","0","0","0","0","0","0","0","0","0","0","0"
"514","2480406","non-C_2480407","1","0","0","0","0","0","0","0","0","0","0","0","0","0","0","0","0"
"515","2474905","LB_Q2 2474906","1","0","4","0","0","0","0","0","0","0","0","0","0","0","0","1","0"
"516","2476258","EF_Q3 2476259","1","0","0","0","0","0","0","1","0","0","0","0","0","0","0","0","0"
"517","2480776","non-C_2480777","1","0","0","0","0","0","0","0","0","0","0","0","0","0","0","0","0"
"518","2477677","EF_Q3 2477678","1","0","0","0","0","0","0","0","0","0","0","0","0","0","0","0","0"
"519","2478869","monoC_Q1Q4 2478870","1","0","1","0","0","0","0","1","0","0","0","0","0","0","0","0","0"
"520","2478721","monoC_middle 2478722","1","0","1","0","0","0","0","0","0","0","0","1","0","0","0","0","0"
"521","2475462","monoC_Q2Q3 2475463","1","0","1","0","1","0","0","0","0","0","0","0","0","0","0","0","0"
"522","2437194","balancer_Q4 2437195","1","0","0","0","0","1","0","0","0","0","0","0","0","0","0","0","0"
"523","2477411","monoC_Q2Q3 2477412","1","0","1","0","1","0","0","1","0","0","0","0","0","0","0","0","0"
"524","2437827","balancer_Q1 2437828","1","0","0","0","1","0","0","0","0","0","0","0","0","0","0","0","0"
"525","2473250","non-C_vesicle_2473251","1","0","0","0","1","0","1","1","1","0","0","0","0","0","0","0","0"
"526","2473279","monoC_middle 2473280","1","0","1","0","0","0","0","3","0","0","0","0","0","0","0","0","0"
"527","2479129","multiciliated (3 cilia) cell Q1 2479130","1","0","0","0","0","0","0","0","0","0","0","0","0","0","0","0","0"
"528","2475599","monoC_Q2Q3 2475600","1","0","1","0","0","0","0","0","0","0","0","0","0","0","0","0","0"
"529","2477949","monoC_Q1Q4 2477950","1","1","1","0","0","0","0","0","1","0","0","0","0","0","0","0","0"
"530","2477958","monoC_Q1Q4 2477959","1","1","1","0","0","0","0","1","0","0","0","0","0","0","0","0","0"
"531","2479347","biC_Q4 2479348","1","2","2","0","1","0","0","0","0","0","0","0","0","0","0","0","0"
"532","2473884","dome_2473885","1","0","0","0","2","0","0","0","2","0","0","0","0","0","0","0","0"
"533","2437130","balancer_Q4 2437131","1","0","0","0","0","0","0","0","0","0","0","0","0","0","0","0","0"
"534","2477420","biC_Q3 2477421","1","0","2","0","0","0","0","0","0","0","0","0","0","0","0","0","0"
"535","2472573","monoC_middle 2472574","1","0","1","0","1","0","0","1","0","0","0","0","0","0","0","0","0"
"536","2478190","monoC_middle 2478191","1","0","1","0","0","0","0","0","0","0","0","0","0","0","0","0","0"
"537","2457463","monoC_middle 2457464","1","0","1","0","0","0","0","0","0","0","0","0","0","0","0","0","0"
"538","2480782","multiciliated (3 cilia) cell Q1 2480783","1","0","0","0","1","0","0","0","0","0","0","0","0","0","1","0","0"
"539","2475574","monoC_Q2Q3 2475575","1","0","1","0","0","0","0","0","0","0","0","0","0","0","0","0","0"
"540","2477967","monociliated vesicle cell middle 2477968","1","0","1","0","1","0","0","1","0","0","4","1","0","0","0","0","0"
"541","2479357","EF_Q4 2479358","1","0","0","0","0","0","0","0","0","0","0","0","0","0","0","0","0"
"542","2480142","lithocyte 2480143","1","0","0","0","1","0","0","0","0","0","0","0","0","0","0","0","0"
"543","2475608","EF_Q2 2475609","1","0","0","0","1","0","0","0","0","0","0","0","0","0","0","0","0"
"544","2480302","non-C_2480303","1","2","0","0","0","0","0","0","0","0","0","0","0","0","0","0","0"
"545","2474038","plumose cell 2474039","1","0","1","0","1","0","0","1","0","1","0","0","0","0","0","0","0"
"546","2481022","stCG_Q4 2481023","1","0","0","0","0","0","0","0","0","0","0","0","0","0","0","0","0"
"547","2478879","EF_Q1 2478880","1","0","0","0","0","0","0","1","0","0","0","0","0","0","0","0","0"
"548","2477190","biciliated vesicle cell Q2Q3 2477191","1","1","2","0","0","1","0","0","0","0","2","0","0","0","0","0","0"
"549","2437668","balancer_Q1 2437669","1","0","0","0","1","0","1","0","0","0","0","0","0","0","0","0","0"
"550","2473571","dome_2473572","1","0","0","0","0","0","0","0","4","0","0","0","0","0","0","0","0"
"551","2478701","biC_Q1 2478702","1","0","2","0","0","0","0","0","0","0","0","0","0","0","1","0","0"
"552","2458350","dense vesicle cell 2458351","1","2","0","0","1","0","0","1","0","0","0","0","0","0","0","0","0"
"553","2437333","balancer_Q3 2437334","1","0","0","0","1","0","0","0","0","0","0","0","0","0","0","0","0"
"554","2477121","biC_Q3 2477122","1","0","2","0","0","0","0","0","0","0","1","0","0","0","0","0","0"
"555","2480792","monoC_middle 2480793","1","2","0","0","0","0","0","0","0","0","0","0","0","0","0","0","0"
"556","2437285","balancer_Q4 2437286","1","0","0","0","0","0","0","0","0","0","0","0","0","0","0","0","0"
"557","2436142","monoC_middle 2436143","1","0","1","0","0","0","0","0","0","0","0","0","0","0","0","0","0"
"558","2478886","monoC_Q1Q4 2478887","1","0","1","0","0","0","0","0","0","0","0","0","0","0","0","0","0"
"559","2473903","dome_2473904","1","0","0","0","1","0","0","0","2","0","0","0","0","0","0","0","0"
"560","2477976","biC_Q4 2477977","1","0","2","0","0","0","0","0","0","0","0","0","0","0","0","0","0"
"561","2457958","non-C_vesicle_2457959","1","0","0","0","2","0","0","0","0","0","0","0","0","0","0","0","0"
"562","2477198","monoC_Q2Q3 2477199","1","0","1","0","0","0","0","0","0","0","0","0","0","0","0","0","0"
"563","2475615","EF_Q2 2475616","1","0","0","0","0","0","0","0","0","0","0","0","0","0","0","0","0"
"564","2479366","monoC_Q1Q4 2479367","1","0","1","0","0","0","0","0","1","0","0","0","0","0","0","0","0"
"565","2480900","biC_Q1Q4 2480901","1","0","2","0","0","0","0","2","0","0","0","0","0","0","0","0","0"
"566","2457747","non-C_2457748","1","0","0","0","0","0","0","1","0","0","0","0","0","0","0","0","0"
"567","2478197","LB_Q4 2478198","1","9","2","0","0","0","0","0","0","0","0","0","0","0","0","0","0"
"568","2457619","non-C_2457620","1","0","0","0","0","0","0","2","0","0","0","0","0","0","0","0","0"
"569","2520989","outside 2520990","1","0","1","0","0","0","0","0","0","0","0","0","0","0","0","0","0"
"570","2458117","non-C_vesicle_2458118","1","0","0","0","0","0","0","3","0","0","1","1","0","0","0","0","0"
"571","2478737","monociliated vesicle cell Q1 2478738","1","0","1","0","0","0","0","1","0","0","0","1","0","0","0","0","0"
"572","2457045","monoC_middle 2457046","1","0","1","0","0","0","0","0","0","0","0","0","0","0","0","0","0"
"573","2458074","multiciliated (3 cilia) cell Q2 2458075","1","0","0","0","0","0","0","0","0","0","0","0","0","0","0","0","0"
"574","2477431","EF_Q3 2477432","1","0","0","0","0","0","0","0","0","0","0","0","0","0","0","0","0"
"575","2436516","bridge cell Q3Q4 2436517","1","0","0","0","1","0","0","0","0","0","0","0","1","0","0","0","0"
"576","2474155","plumose_Q2 2474156","1","0","2","0","0","0","0","1","0","2","0","0","0","0","0","0","0"
"577","2473912","dome_2473913","1","0","8","0","1","0","0","0","0","0","0","0","0","0","0","0","0"
"578","2478746","monoC_Q1Q4 2478747","1","0","1","0","0","0","0","0","0","0","0","0","0","0","0","0","0"
"579","2477321","monoC_Q2Q3 2477322","1","0","1","0","0","0","0","0","0","0","1","0","0","0","0","0","0"
"580","2481738","outside 2481739","1","2","11","0","1","1","0","4","1","0","0","1","0","0","0","0","0"
"581","2457068","monoC_middle 2457069","1","0","1","0","0","0","0","1","0","0","0","0","0","0","0","0","0"
"582","2478893","biC_Q1 2478894","1","0","2","0","1","0","0","0","0","0","0","0","0","0","0","0","0"
"583","2437428","balancer_Q3 2437429","1","0","0","0","0","0","0","0","0","0","0","0","0","0","0","0","0"
"584","2477449","biC_Q3 2477450","1","0","2","0","0","0","0","0","0","0","0","0","0","0","0","0","0"
"585","2479151","monoC_Q1Q4 2479152","1","0","1","0","0","0","0","0","0","0","0","0","0","0","0","0","0"
"586","2475622","monoC_Q2Q3 2475623","1","0","1","0","0","0","0","1","0","0","0","0","0","0","0","0","0"
"587","2477986","biC_Q4 2477987","1","0","2","0","0","0","1","0","0","0","0","0","0","0","0","0","0"
"588","2477209","monociliated long projection cell Q3 2477210","1","0","1","0","0","0","0","0","0","0","0","0","0","0","0","0","0"
"589","2457839","non-C_2457840","1","0","0","0","0","0","0","0","0","0","0","0","0","0","0","0","0"
"590","2438819","LB_Q3 2438820","1","2","12","0","1","0","0","0","0","0","0","0","0","0","0","11","0"
"591","2457922","non-C_vesicle_2457923","1","0","0","0","0","0","0","1","0","0","0","0","0","0","0","0","0"
"592","2457867","non-C_2457868","1","0","0","0","0","0","0","0","0","0","0","0","0","0","0","0","0"
"593","2478533","biC_Q1Q4 2478534","1","0","2","0","0","0","0","0","0","0","0","0","0","0","0","0","0"
"594","2499274","outside 2499275","1","2","11","0","1","1","0","4","1","0","0","1","0","0","0","0","0"
"595","2475352","multiciliated (3 cilia) cell Q3 2475353","1","3","3","0","0","0","0","0","0","0","0","0","0","0","0","0","0"
"596","2479375","biC_Q4 2479376","1","0","2","0","0","0","0","0","0","0","0","0","0","0","0","0","0"
"597","2475080","monoC_Q2Q3 2475081","1","0","1","0","0","0","0","0","0","0","0","0","0","0","0","0","0"
"598","2478172","multiciliated (3 cilia) cell Q4 2478173","1","0","1","0","0","0","0","0","0","0","0","0","0","0","0","0","1"
"599","2477996","monoC_Q1Q4 2477997","1","1","1","0","1","0","0","0","0","0","1","0","0","0","0","0","0"
"600","2477220","biC_Q2Q3 2477221","1","0","2","0","0","0","0","0","0","0","0","0","0","0","0","0","0"
"601","2458188","dense? vesicle cell 2458189","1","0","0","0","0","0","0","0","0","0","0","0","0","0","0","0","0"
"602","2473990","plumose_Q1 2473991","1","0","1","0","1","0","0","2","0","1","0","1","0","0","0","0","0"
"603","2478208","dense vesicle cell 2478209","1","0","0","0","0","0","0","0","0","0","0","0","0","0","0","0","0"
"604","2480197","EF_Q1Q2 2480198","1","0","0","0","1","0","0","0","0","0","0","0","0","0","0","0","0"
"605","2475632","monoC_Q2Q3 2475633","1","0","1","0","0","0","0","0","0","0","0","0","0","0","0","0","0"
"606","2479161","monoC_Q1Q4 2479162","1","0","1","0","0","0","0","0","0","0","0","1","0","0","0","0","0"
"607","2475090","monociliated vesicle cell Q3 2475091","1","0","1","0","1","0","0","0","0","0","0","0","0","0","0","0","0"
"608","2437713","balancer_Q1 2437714","1","0","0","0","0","0","1","0","0","0","0","0","0","0","0","0","0"
"609","2473922","dome_2473923","1","0","4","0","0","0","0","0","1","0","0","0","0","0","0","0","0"
"610","2457610","non-C_2457611","1","0","0","0","0","0","0","0","0","0","0","0","0","0","0","0","0"
"611","2477697","ssCG_Q3 2477698","1","0","0","0","0","0","0","0","0","0","0","0","0","0","0","0","0"
"612","2478903","biC_Q1 2478904","1","0","2","0","0","0","0","0","0","0","0","0","0","0","0","0","0"
"613","2437373","balancer_Q3 (bicilia) 2437374","1","0","0","0","0","0","0","0","0","0","0","0","0","0","0","0","0"
"614","2437792","balancer_Q1 2437793","1","0","0","0","0","0","0","0","0","0","0","0","0","0","0","0","0"
"615","2477232","monoC_Q2Q3 2477233","1","0","1","0","0","0","0","0","0","0","0","0","0","0","0","0","0"
"616","2479780","balancer_Q2 2479781","1","0","0","0","0","0","0","0","0","0","0","0","0","0","0","0","0"
"617","2475641","monoC_Q2Q3 2475642","1","0","1","0","0","0","0","0","0","0","0","0","0","0","0","0","0"
"618","2477706","EF_Q3 2477707","1","0","0","0","0","0","1","0","0","0","0","0","0","0","0","0","0"
"619","2478913","monoC_Q1Q4 2478914","1","0","1","0","0","0","0","0","0","0","0","0","0","0","0","0","0"
"620","2476969","biciliated vesicle cell Q2Q3 2476970","1","0","2","0","0","0","0","0","0","0","3","0","0","0","0","0","0"
"621","2477470","monoC_Q2Q3 2477471","1","0","1","0","0","0","0","0","0","0","0","0","0","0","0","0","0"
"622","2457148","non-C_2457149","1","0","0","0","1","0","0","1","0","0","0","0","0","0","0","0","0"
"623","2458099","biC_middle 2458100","1","0","2","0","0","0","0","0","0","0","0","1","0","0","0","0","0"
"624","2477830","monociliated vesicle cell Q1 2477831","1","0","1","0","0","0","1","0","0","0","4","0","0","1","0","0","0"
"625","2478218","dense vesicle cell 2478219","1","0","0","0","0","0","0","0","0","0","0","0","0","0","0","0","0"
"626","2458401","EF_Q3Q4 2458402","1","0","0","0","1","0","0","0","0","0","0","0","0","0","0","0","0"
"627","2478006","monoC_Q1Q4 2478007","1","0","1","0","0","0","0","0","0","0","0","0","0","0","0","0","0"
"628","2436903","balancer_Q2 2436904","1","0","0","0","0","0","0","0","0","0","0","0","0","0","0","0","0"
"629","2480113","synaptic EF_Q1Q2 2480114","1","0","0","0","0","0","0","0","0","0","0","0","1","0","0","0","0"
"630","2457779","monoC_middle 2457780","1","0","1","0","0","0","1","0","0","0","0","0","0","0","0","0","0"
"631","2480828","monoC_middle 2480829","1","5","1","0","0","0","1","0","0","0","0","0","0","0","0","0","0"
"632","2475100","biC_Q2Q3 2475101","1","0","2","0","1","0","0","0","0","0","0","0","0","0","0","0","1"
"633","2479170","monoC_Q1Q4 2479171","1","0","1","0","1","0","0","0","0","0","0","1","0","0","0","0","0"
"634","2457829","non-C_2457830","1","0","0","0","0","0","0","1","0","0","0","0","0","0","0","0","0"
"635","2457876","non-C_vesicle_2457877","1","0","0","0","0","0","0","2","0","0","0","0","0","0","0","0","0"
"636","2457709","balancer_Q4 2457710","1","0","1","0","0","1","0","0","0","0","0","0","0","0","0","0","0"
"637","2511558","synaptic neuron 2511559","1","0","0","0","0","1","0","1","0","0","0","0","0","0","0","0","0"
"638","2436802","balancer_Q2 2436803","1","0","0","0","0","0","0","0","0","0","0","0","0","0","0","0","0"
"639","2456930","monoC_middle 2456931","1","0","1","0","1","0","0","2","0","0","1","0","0","0","0","0","0"
"640","2436877","balancer_Q2 2436878","1","0","0","0","0","0","0","0","0","0","0","0","0","0","0","0","0"
"641","2475113","biciliated vesicle cell Q2Q3 2475114","1","0","2","0","0","0","0","1","0","0","3","0","0","0","0","0","0"
"642","2480837","biC_Q1Q4 2480838","1","0","2","0","0","0","0","0","0","0","0","0","0","0","0","0","0"
"643","2436892","balancer_Q2 2436893","1","0","0","0","0","0","0","0","0","0","0","0","0","0","0","0","0"
"644","2478355","multiciliated (4+1 cilia) cell Q4 2478356","1","2","0","0","0","0","0","1","0","0","0","0","0","0","0","0","0"
"645","2437393","balancer_Q3 2437394","1","0","0","0","0","0","0","0","0","0","0","0","0","0","0","0","0"
"646","2478015","biC_Q1Q4 2478016","1","0","2","0","0","0","0","0","0","0","0","0","0","0","0","0","0"
"647","2457445","non-C_2457446","1","0","0","0","0","0","0","0","0","0","0","0","0","0","0","0","0"
"648","2458263","non-C_vesicle_2458264","1","0","1","0","0","0","0","0","0","0","0","1","0","0","0","0","0"
"649","2437797","balancer_Q1 2437798","1","0","0","0","1","0","0","0","0","0","0","0","0","0","0","0","0"
"650","2478924","monoC_Q1Q4 2478925","1","2","1","0","0","0","0","0","0","0","0","0","0","0","0","0","0"
"651","2438644","IcMC_Q4 2438645","1","0","28","0","0","1","0","0","0","0","0","0","0","0","0","25","0"
"652","2480526","non-C_vesicle_2480527","1","0","0","0","0","0","1","1","0","0","1","0","0","0","0","0","0"
"653","2478226","dense vesicle cell 2478227","1","0","0","0","1","0","0","0","0","0","0","0","0","0","0","0","0"
"654","2457980","non-C_vesicle_2457981","1","0","0","0","1","0","1","1","0","0","0","0","0","0","2","0","0"
"655","2510905","outside 2510906","1","1","0","0","1","0","0","0","0","0","0","0","0","0","0","0","0"
"656","2477712","EF_Q3 2477713","1","4","0","0","1","0","0","0","0","0","0","0","0","0","0","0","0"
"657","2477486","monoC_Q2Q3 2477487","1","1","1","0","0","0","0","0","0","0","0","0","0","0","0","0","0"
"658","2521004","outside 2521005","1","2","0","0","0","0","0","0","0","0","0","0","0","0","0","0","0"
"659","2436531","SSN_Q3-4","2","0","0","0","2","0","1","0","0","0","0","1","1","0","0","0","0"
"660","2477242","monoC_Q2Q3 2477243","1","0","1","0","0","0","0","0","0","0","0","0","0","0","0","0","0"
"661","2437106","balancer_Q4 2437107","1","0","0","0","0","0","0","0","0","0","0","0","0","0","0","0","0"
"662","2456952","monoC_middle 2456953","1","0","1","0","1","0","0","0","0","0","0","0","0","0","0","0","0"
"663","2436882","balancer_Q2 2436883","1","0","0","0","0","0","0","0","0","0","0","0","0","0","0","0","0"
"664","2437807","balancer_Q1 2437808","1","0","1","0","0","0","0","0","0","0","0","0","0","0","0","0","0"
"665","2457192","biC_middle 2457193","1","0","2","0","1","0","0","2","0","0","0","0","0","0","0","0","0"
"666","2478025","monoC_Q1Q4 2478026","1","0","1","0","0","0","0","0","0","0","0","0","0","0","0","0","0"
"667","2475238","multiciliated (4 cilia) cell Q2 2475239","1","11","3","0","0","0","0","0","0","0","0","0","0","0","0","0","0"
"668","2457859","non-C_vesicle_2457860","1","0","0","0","0","0","0","2","0","0","4","0","0","0","0","0","0"
"669","2510919","dome 2510920","1","0","0","0","1","1","1","0","1","0","0","0","0","0","0","0","0"
"670","2480016","stCG_Q1 2480017","1","0","0","0","1","0","0","0","0","0","0","0","0","0","0","0","0"
"671","2458390","balancer_Q3 2458391","1","0","0","0","0","0","0","0","0","0","0","0","0","0","0","0","0"
"672","2480125","EF_Q1Q2 2480126","1","0","0","0","1","0","0","0","0","0","0","0","0","0","0","0","0"
"673","2436847","balancer_Q2 2436848","1","0","0","0","0","0","0","0","0","0","0","0","0","0","0","0","0"
"674","2480375","non-C_vesicle_2480376","1","0","0","0","0","0","1","0","0","0","0","1","0","0","0","0","0"
"675","2479429","multiciliated (3 cilia) cell Q4 2479430","1","0","0","0","0","0","0","1","0","0","0","0","0","0","0","0","0"
"676","2478040","monoC_Q1Q4 2478041","1","0","1","0","0","0","0","1","0","0","0","0","0","0","0","0","0"
"677","2477037","biC_Q3 2477038","1","0","2","0","0","0","0","0","0","0","0","0","0","0","0","0","0"
"678","2479188","biC_Q1 2479189","1","0","2","0","0","0","0","0","0","0","0","1","0","0","0","0","0"
"679","2478933","biC_Q1 2478934","1","0","2","0","0","0","0","0","0","0","0","0","0","0","0","0","0"
"680","2478781","multiciliated (4 cilia) cell Q4 2478782","1","6","4","0","1","0","0","0","0","0","0","0","0","0","0","0","0"
"681","2474505","ssCG_Q2 2474506","1","0","22","0","0","0","0","0","0","0","0","0","0","0","0","0","0"
"682","2477717","monoC_Q2Q3 2477718","1","0","1","0","1","0","0","0","0","0","0","0","0","0","0","0","0"
"683","2478234","dense vesicle cell 2478235","1","0","0","0","0","0","0","0","0","0","0","0","0","0","0","0","0"
"684","2477500","monoC_Q2Q3 2477501","1","0","1","0","0","0","0","0","0","0","0","0","0","0","0","0","0"
"685","2524123","outside 2524124","1","2","11","0","1","1","0","4","1","0","0","1","0","0","0","0","0"
"686","2436872","balancer_Q2 2436873","1","0","0","0","0","0","0","0","0","0","0","0","0","0","0","0","0"
"687","2478244","dense vesicle cell 2478245","1","0","0","0","0","0","0","0","0","0","0","0","0","0","0","0","0"
"688","2497202","outside cell 2497203","1","0","0","0","0","0","0","0","1","0","0","0","0","0","0","0","0"
"689","2478031","EF_Q4 2478032","1","0","0","0","0","0","0","0","0","0","0","0","0","0","0","0","0"
"690","2457693","non-C_2457694","1","0","0","0","0","0","0","0","0","0","0","0","0","0","0","0","0"
"691","2480871","monoC_middle 2480872","1","0","1","0","0","0","0","0","0","0","0","0","0","0","0","0","0"
"692","2480131","EF_Q1Q2 2480132","1","0","0","0","0","0","0","0","0","0","0","0","0","0","0","0","0"
"693","2437457","balancer_Q3 (bicilia) 2437458","1","0","0","0","0","0","0","0","0","0","0","0","0","0","0","0","0"
"694","2478944","monoC_Q1Q4 2478945","1","0","1","0","0","0","0","0","0","0","0","1","0","0","0","0","0"
"695","2480362","non-C_vesicle_2480363","1","0","0","0","0","0","0","1","0","0","0","1","0","0","0","0","0"
"696","2510927","SER EF_2510928","1","0","0","0","0","0","0","3","0","0","0","0","0","0","0","0","0"
"697","2458171","non-C_vesicle_2458172","1","0","0","0","0","0","0","1","0","0","0","0","0","0","0","0","0"
"698","2479198","biC_Q1 2479199","1","0","2","0","0","0","0","0","0","0","0","0","0","0","0","0","0"
"699","2477553","biC_Q2Q3 2477554","1","0","2","0","0","0","0","0","0","0","0","0","0","0","0","0","0"
"700","2521024","outside 2521025","1","2","0","0","0","0","0","0","0","0","0","0","0","0","0","0","0"
"701","2479440","biC_Q4 2479441","1","0","2","0","0","0","0","0","0","0","0","0","0","0","0","0","0"
"702","2457494","monoC_middle 2457495","1","0","0","0","0","0","0","1","0","0","0","0","0","0","0","0","0"
"703","2458064","monoC_middle 2458065","1","0","1","0","0","0","0","1","0","0","0","0","0","0","1","0","0"
"704","2496955","SSN_Q1-4","4","0","0","0","1","1","0","3","0","0","0","0","10","0","0","0","0"
"705","2437408","balancer_Q3 2437409","1","0","0","0","0","0","0","0","0","0","0","0","0","0","0","0","0"
"706","2436675","LB_Q1 2436676","1","0","23","0","1","0","0","0","0","0","0","0","0","0","0","20","0"
"707","2436867","balancer_Q2 2436868","1","0","0","0","0","0","0","0","0","0","0","0","0","0","0","0","0"
"708","2478833","biC_Q1 2478834","1","0","2","0","0","0","0","1","0","0","0","0","0","0","0","0","0"
"709","2478252","dense vesicle cell 2478253","1","0","0","0","0","0","0","0","0","0","0","0","0","0","0","0","0"
"710","2457652","monoC_middle 2457653","1","0","1","0","1","0","0","0","0","0","0","0","0","0","0","0","0"
"711","2436561","monoC_middle 2436562","1","0","1","0","0","0","1","0","0","0","0","0","0","0","0","0","0"
"712","2479210","monoC_Q1Q4 2479211","1","0","1","0","0","0","0","0","0","0","0","0","0","0","0","0","0"
"713","2478953","monoC_Q1Q4 2478954","1","0","1","0","1","0","1","0","0","0","2","0","0","0","0","0","0"
"714","2457435","monoC_middle 2457436","1","0","1","0","2","0","0","0","0","0","0","0","0","0","0","0","0"
"715","2480136","EF_Q1Q2 2480137","1","0","0","0","0","0","0","0","0","0","0","0","0","0","0","0","0"
"716","2524131","outside 2524132","1","0","0","0","0","0","0","0","0","0","0","0","0","0","0","0","0"
"717","2438926","multiciliated (3 cilia) cell Q1 2438927","1","2","3","0","0","0","0","0","0","0","0","0","0","0","0","0","1"
"718","2521040","outside 2521041","1","0","0","0","0","0","0","0","0","0","0","0","0","0","0","0","0"
"719","2437072","bridge cell Q3Q4 2437073","1","0","0","0","0","0","0","1","0","0","0","0","0","0","0","0","0"
"720","2477736","EF_Q3 2477737","1","0","0","0","0","0","0","0","0","0","0","0","0","0","0","0","0"
"721","2510936","not ctenophore? 2510937","1","3","0","0","0","0","0","0","0","0","3","0","0","0","0","0","0"
"722","2521050","outside 2521051","1","2","11","0","1","1","0","4","1","0","0","1","0","0","0","0","0"
"723","2472687","non-C_vesicle_2472688","1","0","0","0","0","0","1","0","0","0","4","0","0","0","0","0","0"
"724","2510946","outside 2510947","1","0","1","0","1","0","0","0","0","0","1","0","0","0","0","0","0"
"725","2456970","non-C_2456971","1","0","0","0","0","0","0","0","0","0","0","0","0","0","0","0","0"
"726","2474137","plumose_Q2 2474138","1","0","1","0","0","0","0","1","0","1","1","1","0","0","1","0","0"
"727","2475170","plumose cell 2475171","1","0","1","0","0","0","1","0","0","1","0","0","0","0","0","0","0"
"728","2437297","balancer_Q3 2437298","1","0","0","0","0","0","0","0","0","0","0","0","0","0","0","0","0"
"729","2478962","monoC_Q1Q4 2478963","1","0","1","0","0","0","0","0","0","0","0","0","0","0","0","0","0"
"730","2436505","non-C_2436506","1","0","0","0","0","0","1","0","0","0","0","0","0","0","0","0","0"
"731","2458281","dense vesicle cell 2458282","1","0","0","0","0","0","0","0","0","0","0","0","0","0","0","0","0"
"732","2479981","EF_Q1Q2 2479982","1","0","0","0","0","0","0","0","0","0","0","0","0","0","0","0","0"
"733","2436908","balancer_Q2 2436909","1","0","0","0","0","0","0","0","0","0","0","0","0","0","0","0","0"
"734","2479060","biC_Q1 2479061","1","0","2","0","0","0","0","0","0","0","0","0","1","0","0","0","0"
"735","2479219","monoC_Q1Q4 2479220","1","0","1","0","0","0","0","0","0","0","0","0","0","0","0","0","0"
"736","2479460","biC_Q4 2479461","1","0","2","0","0","0","0","0","0","0","0","0","0","0","0","0","0"
"737","2476064","CG?balancer?(bicilia)_2476065","1","0","2","0","0","0","0","0","0","0","0","0","0","0","0","0","0"
"738","2480452","IcMC_Q4 2480453","1","20","3","0","0","0","0","1","0","0","0","0","0","0","0","0","1"
"739","2478260","dense vesicle cell 2478261","1","0","0","0","0","0","0","0","0","0","0","0","0","0","0","0","0"
"740","2457089","monoC_middle 2457090","1","1","1","0","0","0","1","2","0","0","0","0","0","0","0","0","0"
"741","2487613","CG?balancer?(bicilia)_2487614","1","0","2","0","0","0","0","0","0","0","0","0","0","0","0","0","0"
"742","2474885","multiciliated (3 cilia) cell Q2 2474886","1","9","3","0","0","0","0","0","0","0","0","0","0","0","0","0","0"
"743","2477516","monoC_Q2Q3 2477517","1","0","1","0","0","0","0","0","0","0","0","0","0","0","0","0","0"
"744","2437303","balancer_Q3 2437304","1","0","0","0","0","0","0","0","0","0","0","0","0","0","0","0","0"
"745","2478729","biciliated long projection cell_Q1Q4 2478730","1","0","2","0","0","0","0","2","0","0","1","2","0","0","0","0","0"
"746","2437083","bridge cell Q1Q2 2437084","1","0","0","0","0","0","0","1","0","0","0","0","0","0","0","0","0"
"747","2436812","balancer_Q2 2436813","1","0","0","0","0","0","0","0","0","0","0","0","0","0","0","0","0"
"748","2479227","biC_Q1 2479228","1","0","2","0","0","0","0","0","0","0","0","0","0","0","0","0","0"
"749","2477745","biC_Q3 2477746","1","0","2","0","0","0","0","0","0","0","0","0","0","0","0","1","1"
"750","2479470","monoC_Q1Q4 2479471","1","0","1","0","1","0","0","0","0","0","0","0","0","0","0","0","0"
"751","2479987","EF_Q1Q2 2479988","1","1","0","0","1","0","0","0","0","0","0","0","0","0","0","0","0"
"752","2478268","dense? vesicle cell 2478269","1","0","0","0","0","0","0","0","0","0","0","0","0","0","0","0","0"
"753","2438810","IcMC_Q3 2438811","1","0","15","0","1","1","0","0","0","0","0","0","0","0","1","13","0"
"754","2479101","biC_Q1 2479102","1","0","2","0","0","0","0","0","0","0","0","0","0","0","0","0","0"
"755","2480149","monoC 2480150","1","0","1","0","0","0","0","0","0","0","0","0","0","0","0","0","0"
"756","2478971","EF_Q1 2478972","1","0","0","0","0","0","0","0","0","0","0","0","0","0","0","0","0"
"757","2521057","outside 2521058","1","0","0","0","0","0","0","0","0","0","0","0","0","0","0","0","0"
"758","2478367","multiciliated long projection cell Q4 2478368","1","2","11","0","1","1","0","4","1","0","0","1","0","0","0","0","0"
"759","2524156","monoC_Q1Q4 2524157","1","1","1","0","0","0","0","0","0","0","0","0","0","0","0","0","0"
"760","2474022","plumose cell 2474023","1","0","1","0","0","0","0","1","0","1","0","0","0","0","0","0","0"
"761","2473687","dome_2473688","1","0","0","0","1","1","0","0","0","0","0","0","0","0","0","0","0"
"762","2438624","IcMC_Q4 2438625","1","1","21","0","0","0","0","1","0","0","0","0","0","0","1","20","0"
"763","2457238","monoC_middle 2457239","1","0","0","0","0","0","0","1","0","0","0","0","0","0","0","0","0"
"764","2457685","non-C_2457686","1","0","0","0","0","0","0","0","0","0","0","0","0","0","0","0","0"
"765","2477528","EF_Q3 2477529","1","0","0","0","0","0","0","0","0","0","0","0","0","0","0","0","0"
"766","2474871","multiciliated (3 cilia) cell Q2 2474872","1","0","2","0","0","1","0","1","0","0","0","0","0","0","0","0","0"
"767","2477755","EF_Q3 2477756","1","0","0","0","0","0","0","0","0","0","0","0","0","0","0","0","0"
"768","2511809","outside 2511810","1","2","11","0","1","1","0","4","1","0","0","1","0","0","0","0","0"
"769","2437308","balancer_Q3 2437309","1","0","0","0","1","0","0","0","0","0","0","0","0","0","0","0","0"
"770","2479237","biC_Q1 2479238","1","0","2","0","0","0","0","0","0","0","0","0","0","0","0","0","0"
"771","2478977","monoC_Q1Q4 2478978","1","0","1","0","0","0","0","1","0","0","0","0","0","0","0","0","0"
"772","2479479","biC_Q4 2479480","1","1","2","0","1","0","0","0","0","0","0","0","0","0","0","0","0"
"773","2479179","biC_Q1 2479180","1","0","2","0","0","0","1","0","0","0","0","0","0","0","0","0","0"
"774","2475251","monoC_Q2Q3 2475252","1","0","1","0","1","0","0","0","0","0","0","0","0","0","0","0","0"
"775","2480156","bridge? cell Q1Q2 2480157","1","0","0","0","1","0","0","1","0","0","0","0","0","0","0","0","0"
"776","2436852","balancer_Q2 2436853","1","0","0","0","1","0","0","0","0","0","0","0","0","0","0","0","0"
"777","2478274","monoC_middle 2478275","1","0","1","0","0","0","0","0","0","0","0","0","0","0","0","0","0"
"778","2474009","plumose_Q1 2474010","1","0","1","0","0","0","1","1","0","2","2","0","0","0","0","0","0"
"779","2437368","balancer_Q3 2437369","1","0","0","0","0","0","1","0","0","0","0","0","0","0","0","0","0"
"780","2478283","dense vesicle cell 2478284","1","0","0","0","0","0","0","0","0","0","0","0","0","0","0","0","0"
"781","2479246","monoC_Q1Q4 2479247","1","0","1","0","0","0","0","0","0","0","0","0","0","0","0","0","0"
"782","2511814","outside 2511815","1","2","11","0","1","1","0","4","1","0","0","1","0","0","0","0","0"
"783","2436857","balancer_Q2 2436858","1","0","0","0","0","0","0","0","0","0","0","0","0","0","0","0","0"
"784","2473746","dome_2473747","1","0","0","0","2","0","0","0","1","0","0","0","0","0","0","0","0"
"785","2479419","biC_Q4 2479420","1","0","2","0","0","0","0","1","0","0","0","0","0","0","0","0","0"
"786","2480165","EF_Q1Q2 2480166","1","1","0","0","0","0","0","0","0","0","0","0","0","0","0","0","0"
"787","2476250","EF_Q3 2476251","1","1","0","0","1","0","0","0","0","0","0","0","0","0","0","0","0"
"788","2476089","EF_Q3Q4 2476090","1","0","0","0","0","0","0","0","0","0","0","0","0","0","0","0","0"
"789","2478164","monoC_Q1Q4 2478165","1","0","1","0","0","0","0","0","0","0","0","0","0","0","0","0","0"
"790","2521075","outside 2521076","1","1","0","0","0","0","0","0","0","0","0","0","0","0","0","0","0"
"791","2525778","neuron 2525779","1","2","11","0","1","1","0","4","1","0","0","1","0","0","0","0","0"
"792","2478992","monoC_Q1Q4 2478993","1","0","1","0","0","0","0","1","0","0","0","0","0","0","0","0","0"
"793","2477778","EF_Q1 2477779","1","0","0","0","0","0","0","0","0","0","0","0","0","0","0","0","0"
"794","2436842","balancer_Q2 2436843","1","0","0","0","0","0","0","0","0","0","0","0","0","0","0","0","0"
"795","2476526","biC_Q3 2476527","1","0","2","0","1","0","0","0","0","0","0","0","0","0","0","0","1"
"796","2511829","outside 2511830","1","2","11","0","1","1","0","4","1","0","0","1","0","0","0","0","0"
"797","2457408","monoC_middle 2457409","1","0","1","0","0","0","0","0","0","0","0","0","0","0","0","0","0"
"798","2479500","EF_Q4 2479501","1","0","0","0","0","0","0","0","1","0","0","0","0","0","0","0","0"
"799","2480491","monoC_middle 2480492","1","0","1","0","0","0","0","0","0","0","0","0","0","0","0","0","0"
"800","2437802","balancer_Q1 2437803","1","0","1","0","1","0","1","0","0","0","0","0","0","0","0","0","0"
"801","2457755","non-C_2457756","1","1","0","0","0","0","0","0","0","0","0","0","0","0","0","0","0"
"802","2457283","monoC_middle 2457284","1","0","1","0","0","0","0","1","0","0","1","0","0","0","0","0","0"
"803","2458237","bridge cell Q3Q4 2458238","1","0","0","0","0","0","0","0","0","0","0","0","0","0","0","0","0"
"804","2478291","dense vesicle cell 2478292","1","1","0","0","0","0","0","0","0","0","0","0","0","0","0","0","0"
"805","2477892","biC_Q1Q4 2477893","1","0","2","0","0","0","0","1","0","0","0","0","0","0","0","0","0"
"806","2473824","dome_2473825","1","0","0","0","2","0","0","0","2","0","0","0","0","0","0","0","0"
"807","2480171","EF_Q1Q2 2480172","1","0","0","0","0","0","0","0","0","0","0","0","0","0","0","0","0"
"808","2438975","multiciliated long projection cell Q1 2438976","1","0","8","0","1","0","0","0","1","0","0","1","0","0","0","0","0"
"809","2521087","outside 2521088","1","0","1","0","0","0","0","0","0","0","0","0","0","0","0","0","0"
"810","2479010","monoC_Q1Q4 2479011","1","0","1","0","0","0","0","0","0","0","0","0","0","0","0","0","0"
"811","2480176","EF_Q1Q2 2480177","1","0","0","0","0","0","0","0","0","0","0","0","0","0","0","0","0"
"812","2479001","monoC_Q1Q4 2479002","1","0","1","0","0","0","0","1","0","0","0","0","0","0","0","0","0"
"813","2458020","non-C_2458021","1","0","0","0","0","0","0","0","0","0","0","0","0","0","0","0","0"
"814","2438738","LB_Q4 2438739","1","0","17","0","2","0","0","0","0","0","0","0","0","0","0","16","0"
"815","2436781","monoC_middle 2436782","1","2","1","0","0","0","0","1","0","0","0","1","0","0","0","0","0"
"816","2477784","EF_Q4 2477785","1","0","0","0","1","1","0","0","0","0","0","0","0","0","0","0","0"
"817","2477862","monoC_Q1Q4 2477863","1","1","1","0","0","0","0","0","0","0","0","0","0","0","0","0","0"
"818","2457473","biC_middle 2457474","1","0","2","0","0","0","1","0","0","0","0","1","0","0","0","0","0"
"819","2458220","bridge? cell Q3Q4 2458221","1","0","0","0","0","0","0","0","0","0","0","0","0","0","0","0","0"
"820","2523966","lithocyte_1","1","0","0","0","0","0","0","0","0","0","0","0","0","0","0","0","0"
"821","2478301","dense vesicle cell 2478302","1","0","0","0","0","0","0","0","0","0","0","0","0","0","0","0","0"
"822","2521108","outside 2521109","1","0","0","0","0","0","0","0","0","0","0","0","0","0","0","0","0"
"823","2479507","monoC_Q1Q4 2479508","1","0","1","0","0","0","0","0","0","0","0","0","0","0","0","0","0"
"824","2437089","bridge cell Q3Q4 2437090","1","0","0","0","0","0","0","0","0","0","0","0","1","0","0","0","0"
"825","2474081","plumose cell 2474082","1","1","1","0","0","0","0","0","0","1","0","0","1","0","0","0","0"
"826","2480505","non-C_vesicle_2480506","1","0","0","0","1","0","0","1","0","0","7","0","0","0","0","0","0"
"827","2480414","non-C_2480415","1","0","0","0","0","0","0","0","0","0","0","0","0","0","0","0","0"
"828","2480181","non-C_Q1Q2 2480182","1","2","0","0","0","0","0","0","0","0","0","0","0","0","0","0","0"
"829","2457303","monoC_middle 2457304","1","0","1","0","2","0","0","1","0","0","0","0","0","0","0","0","0"
"830","2521116","outside 2521117","1","0","0","0","0","0","0","0","0","0","0","0","0","0","0","0","0"
"831","2525800","neuron 2525801","1","2","11","0","1","1","0","4","1","0","0","1","0","0","0","0","0"
"832","2458027","monoC_middle 2458028","1","0","1","0","0","0","0","0","0","0","0","0","0","0","0","0","0"
"833","2436662","LB_Q3 2436663","1","0","20","0","0","0","0","0","0","0","0","0","0","0","0","14","0"
"834","2475912","EF_Q3Q4 2475913","1","0","0","0","0","0","0","0","0","0","0","0","0","0","0","0","0"
"835","2479270","EF_Q1 2479271","1","4","0","0","0","0","0","0","0","0","0","0","0","0","0","0","0"
"836","2456940","monoC_middle 2456941","1","0","0","0","0","0","0","1","0","0","1","1","0","0","0","0","0"
"837","2479516","EF_Q4 2479517","1","0","0","0","0","0","0","0","0","0","0","0","0","0","0","0","0"
"838","2523976","lithocyte_2","1","0","0","0","0","0","0","0","0","0","0","0","0","0","0","0","0"
"839","2478559","multiciliated (5 cilia) cell Q4 2478560","1","12","5","0","0","0","0","0","0","0","0","0","1","0","0","0","0"
"840","2511869","outside 2511870","1","2","11","0","1","1","0","4","1","0","0","1","0","0","0","0","0"
"841","2437190","balancer_Q4 2437191","1","0","0","0","0","0","0","0","0","0","0","0","0","0","0","0","0"
"842","2478794","biC_Q1Q4 2478795","1","0","2","0","0","0","1","0","0","0","0","0","0","0","1","0","0"
"843","2478125","monoC_Q1Q4 2478126","1","1","1","0","1","0","0","0","0","0","0","0","0","0","0","0","0"
"844","2480190","non-C_Q1Q2 2480191","1","1","0","0","0","0","0","0","0","0","0","0","0","0","0","0","0"
"845","2438874","biC_Q1 2438875","1","0","2","0","0","0","0","0","0","0","0","0","0","0","0","0","0"
"846","2457597","non-C_2457598","1","0","0","0","0","0","0","0","0","0","0","0","0","0","0","0","0"
"847","2473954","EF_Q3 2473955","1","0","0","0","0","0","0","0","1","0","0","0","0","0","0","0","0"
"848","2523982","lithocyte_3","1","0","0","0","0","0","0","0","0","0","0","0","0","0","0","0","0"
"849","2472833","dense vesicle cell 2472834","1","20","0","0","0","0","0","0","0","0","0","0","0","0","0","0","0"
"850","2479524","dense vesicle cell 2479525","1","0","0","0","0","0","0","0","0","0","0","0","0","0","0","0","0"
"851","2472983","balancer_Q1 2472984","1","0","0","0","0","0","0","1","0","0","0","0","0","0","0","0","0"
"852","2525815","neuron 2525816","1","2","11","0","1","1","0","4","1","0","0","1","0","0","0","0","0"
"853","2437122","balancer_Q4 2437123","1","0","0","0","0","0","0","0","0","0","0","0","0","0","0","0","0"
"854","2521136","outside 2521137","1","0","0","0","0","0","0","0","0","0","0","0","0","0","0","0","0"
"855","2437100","bridge cell Q3Q4 2437101","1","2","0","0","0","0","0","0","0","0","0","0","0","0","0","0","0"
"856","2473261","monoC_middle 2473262","1","3","1","0","0","0","0","0","0","0","0","0","0","0","0","0","0"
"857","2473617","dome_2473618","1","0","0","0","0","0","3","1","2","0","0","0","0","0","0","0","0"
"858","2477903","multiciliated (3 cilia) cell Q4 2477904","1","1","2","0","0","0","0","1","0","0","0","0","0","0","0","0","0"
"859","2480205","bridge? cell Q1Q2 2480206","1","0","0","0","0","0","0","1","0","0","0","0","0","0","0","0","0"
"860","2437077","bridge cell Q3Q4 2437078","1","0","0","0","1","0","0","0","0","0","0","0","0","0","0","0","0"
"861","2479542","biC_Q4 2479543","1","0","2","0","1","0","0","1","0","0","0","0","0","0","0","0","0"
"862","2438673","LB_Q1 2438674","1","0","18","0","0","0","0","0","2","0","0","0","0","0","0","16","0"
"863","2478320","dense vesicle cell 2478321","1","0","0","0","0","0","1","0","0","0","0","0","0","0","0","0","0"
"864","2521150","outside 2521151","1","0","0","0","0","0","0","0","0","0","0","0","0","0","0","0","0"
"865","2525824","neuron 2525825","1","0","0","0","0","0","0","0","0","0","0","0","0","0","0","0","0"
"866","2525830","neuron 2525831","1","2","11","0","1","1","0","4","1","0","0","1","0","0","0","0","0"
"867","2480215","EF_Q1Q2 2480216","1","0","0","0","0","0","0","0","0","0","0","0","0","0","0","0","0"
"868","2480082","monoC 2480083","1","1","1","0","0","0","0","0","0","0","0","0","0","0","0","0","0"
"869","2480369","non-C_2480370","1","0","0","0","1","0","0","0","0","0","0","0","0","0","0","0","0"
"870","2480480","non-C_vesicle_2480481","1","0","0","0","1","1","0","0","0","0","0","0","0","0","1","0","0"
"871","2476099","EF_Q3Q4 2476100","1","0","0","0","0","0","0","0","0","0","0","0","0","0","0","0","0"
"872","2473584","EF_Q2 2473585","1","0","0","0","0","0","0","0","1","0","1","0","0","0","0","0","0"
"873","2473606","dome_2473607","1","0","0","0","0","0","2","0","1","0","0","0","0","0","0","0","0"
"874","2479552","multiciliated (3 cilia) cell Q4 2479553","1","0","0","0","0","0","0","0","0","0","0","0","0","0","0","0","0"
"875","2475480","EF_Q2 2475481","1","0","0","0","0","0","0","0","0","0","0","0","0","0","0","0","0"
"876","2438834","IcMC_Q2 2438835","1","0","14","0","0","0","0","0","0","0","1","0","0","0","1","14","0"
"877","2479837","EF_Q1Q2 2479838","1","0","0","0","0","0","2","0","0","0","0","0","0","0","0","0","0"
"878","2480578","non-C_vesicle_2480579","1","0","0","0","0","0","0","0","0","0","0","0","0","0","0","0","0"
"879","2525842","neuron 2525843","1","0","0","0","0","0","0","0","0","0","0","0","0","0","0","0","0"
"880","2479563","biC_Q4 2479564","1","0","2","0","0","0","0","0","0","0","0","0","0","0","0","0","0"
"881","2521164","outside 2521165","1","0","0","0","0","0","0","0","0","0","0","0","0","0","0","0","0"
"882","2480221","bridge? cell Q1Q2 2480222","1","0","0","0","0","0","0","0","0","0","0","0","0","0","0","0","0"
"883","2477939","monoC_Q1Q4 2477940","1","0","1","0","0","1","0","0","0","0","0","0","0","0","0","0","0"
"884","2479573","biC_Q4 2479574","1","0","2","0","0","0","0","0","0","0","0","0","0","0","0","0","0"
"885","2480230","bridge? cell Q1Q2 2480231","1","0","0","0","0","0","0","0","0","0","0","0","0","0","0","0","0"
"886","2457677","monoC_middle 2457678","1","0","1","0","0","0","0","0","0","0","0","0","0","0","0","0","0"
"887","2473790","dome_2473791","1","0","0","0","0","0","0","0","1","0","0","0","0","0","0","0","0"
"888","2521184","outside 2521185","1","0","0","0","0","0","0","0","0","0","0","0","0","0","0","0","0"
"889","2480587","non-C_2480588","1","0","0","0","0","0","0","0","0","0","0","0","0","0","0","0","0"
"890","2479993","stCG_Q2 2479994","1","0","0","1","1","0","1","0","0","0","0","0","0","0","0","0","0"
"891","2477131","biC_Q3 2477132","1","0","2","0","0","0","0","0","0","0","0","0","0","0","0","0","0"
"892","2458333","IcMC_Q3 2458334","1","11","2","0","0","0","0","0","0","0","0","0","0","0","0","0","0"
"893","2473936","dome_2473937","1","0","0","0","0","0","0","0","1","0","0","0","0","0","0","0","0"
"894","2487620","CG?balancer?(bicilia)_2487621","1","0","2","0","0","1","1","0","0","0","0","0","0","0","0","0","0"
"895","2480239","bridge cell Q1Q2 2480240","1","0","0","0","0","0","0","0","0","0","0","0","0","0","0","0","0"
"896","2486384","ssCG_Q2 2486385","1","0","0","0","0","0","1","0","0","0","0","0","0","0","0","0","0"
"897","2521196","outside 2521197","1","8","0","0","0","0","0","0","0","0","0","0","0","0","0","0","0"
"898","2473945","dome_2473946","1","0","0","0","0","0","0","0","3","0","0","0","0","0","0","0","0"
"899","2437126","balancer_Q4 2437127","1","0","0","0","0","0","0","0","0","0","0","0","0","0","0","0","0"
"900","2479591","biC_Q4 2479592","1","0","2","0","0","0","0","0","0","0","0","1","0","0","0","0","0"
"901","2480248","bridge cell Q1Q2 2480249","1","0","0","0","0","0","0","0","0","0","0","0","0","0","0","0","0"
"902","2437452","balancer_Q3 2437453","1","0","0","0","0","0","0","0","0","0","0","0","0","0","0","0","0"
"903","2478766","multiciliated (6 cilia) vesicle cell Q1 2478767","1","0","6","0","0","0","0","0","0","0","0","0","0","0","0","0","0"
"904","2437663","balancer_Q1 2437664","1","0","0","0","0","0","0","1","0","0","0","0","0","0","0","0","0"
"905","2457796","non-C_vesicle_2457797","1","0","0","0","1","0","0","0","0","0","6","0","0","0","0","0","0"
"906","2473864","dome_2473865","1","0","0","0","0","0","0","0","1","0","0","0","0","0","0","0","0"
"907","2524044","outside 2524045","1","2","11","0","1","1","0","4","1","0","0","1","0","0","0","0","0"
"908","2437438","balancer_Q3 2437439","1","0","0","0","1","0","0","0","0","0","0","0","0","0","0","0","0"
"909","2479027","multiciliated (4 cilia) cell Q1 2479028","1","0","0","0","1","0","0","0","0","0","0","0","0","0","0","0","0"
"910","2458091","non-C_vesicle_2458092","1","0","0","0","0","0","0","1","0","0","0","0","0","0","1","0","0"
"911","2457642","monoC_middle 2457643","1","0","1","0","0","0","1","1","0","0","0","1","0","0","0","0","0"
"912","2473893","dome_2473894","1","0","0","0","1","0","0","0","3","0","0","0","0","0","0","0","0"
"913","2473599","EF_Q1Q2 2473600","1","0","0","0","0","0","3","0","3","0","0","0","0","0","0","0","0"
"914","2477075","biC_Q3 2477076","1","0","2","0","1","0","0","1","0","0","1","0","0","0","0","0","0"
"915","2458342","dense vesicle cell 2458343","1","5","0","0","2","0","0","0","0","0","0","0","0","0","0","0","0"
"916","2476182","monoC_Q2Q3 2476183","1","0","1","0","0","1","0","0","0","0","0","0","0","0","0","0","0"
"917","2480071","EF_Q1Q2 2480072","1","1","0","0","0","0","0","0","0","0","0","0","0","0","0","0","0"
"918","2521263","outside 2521264","1","0","0","0","0","0","0","0","0","0","0","0","0","0","0","0","0"
"919","2457163","monoC_middle 2457164","1","0","1","0","0","0","1","4","0","0","0","1","0","0","0","0","0"
"920","2475854","EF_Q3Q4 2475855","1","1","0","0","1","0","0","0","0","0","0","0","0","0","0","0","0"
"921","2437413","balancer_Q3 2437414","1","0","0","0","0","0","0","0","0","0","0","0","0","0","0","0","0"
"922","2480050","ssCG_Q1 2480051","1","0","0","0","0","0","0","0","0","0","0","0","0","0","0","0","0"
"923","2521271","outside 2521272","1","11","0","0","0","0","0","0","0","0","0","0","0","0","0","0","0"
"924","2487628","EF_Q3Q4 2487629","1","0","0","0","1","0","0","0","0","0","0","0","0","0","0","0","0"
"925","2479255","EF_Q1 2479256","1","1","0","0","0","0","0","0","0","0","0","0","0","0","0","0","0"
"926","2480254","bridge cell Q1Q2 2480255","1","0","0","0","0","0","0","0","0","0","0","0","0","0","0","0","0"
"927","2477790","EF_Q4 2477791","1","1","0","0","0","0","1","0","0","0","0","0","0","0","0","0","0"
"928","2521307","outside 2521308","1","2","0","0","0","0","0","0","0","0","0","0","0","0","0","0","0"
"929","2472546","non-C_2472547","1","0","1","0","1","1","0","0","0","0","0","0","0","0","0","0","0"
"930","2473975","dome_2473976","1","0","0","0","2","3","0","0","3","0","0","0","0","0","0","0","0"
"931","2480619","non-C_vesicle_2480620","1","1","0","0","0","0","0","0","0","0","0","0","0","0","0","0","0"
"932","2480943","biC_Q1Q4 2480944","1","0","2","0","0","0","0","0","0","0","0","0","0","0","1","0","0"
"933","2521332","outside 2521333","1","10","0","0","0","0","0","0","0","0","0","0","0","0","0","0","0"
"934","2457293","monoC_middle 2457294","1","0","1","0","1","0","1","2","0","0","0","0","0","0","0","0","0"
"935","2457274","monoC_middle 2457275","1","0","1","0","0","0","0","0","0","0","0","0","0","0","0","0","0"
"936","2457182","monoC_middle 2457183","1","0","1","0","0","0","0","0","0","0","0","0","0","0","0","0","0"
"937","2456989","monoC_middle 2456990","1","0","1","0","0","1","0","0","0","0","0","0","0","0","0","0","0"
"938","2478710","non-C_vesicle_2478711","1","0","0","0","0","0","0","1","0","0","0","1","0","0","1","0","0"
"939","2487643","balancer_Q4 2487644","1","0","1","0","0","0","0","0","0","0","0","0","0","0","0","0","0"
"940","2437772","balancer_Q1 2437773","1","0","0","0","0","0","0","1","0","0","0","0","0","0","0","0","0"
"941","2522488","outside 2522489","1","2","11","0","1","1","0","4","1","0","0","1","0","0","0","0","0"
"942","2458426","non-C_Q3Q4 2458427","1","0","0","0","0","0","0","0","0","0","0","0","0","0","0","0","0"
