"","skid","celltype","cilia","avg_cil_length","avg_cil_pocket_depth","centrioles","mitochondria","incoming_syn","outgoing_syn","polyadicity","upstream_celltypes","downstream_celltypes"
"1",2437106,"balancer",1,NA,NA,NA,7,2,0,NA,"SSN",""
"2",2437110,"balancer",1,NA,NA,NA,NA,0,0,NA,"",""
"3",2437174,"balancer",1,NA,NA,NA,NA,0,0,NA,"",""
"4",2437162,"balancer",1,NA,NA,NA,NA,1,0,NA,"SSN",""
"5",2437150,"balancer",1,NA,NA,NA,NA,0,0,NA,"",""
"6",2437142,"balancer",1,NA,NA,NA,NA,0,0,NA,"",""
"7",2436154,"balancer",1,NA,NA,NA,NA,1,0,NA,"",""
"8",2462187,"biciliated",2,3125.5,0,NA,6,0,0,NA,"",""
"9",2462199,"plumose",3,2775.66666666667,0,0,NA,0,0,NA,"",""
"10",2436698,"biciliated",2,3732,0,0,7,2,0,NA,"SSN",""
"11",2496955,"SSN",0,NA,NA,NA,232,48,151,1.66887417218543,"SSN, bridge","SSN, nonciliated, monociliated, epithelial_floor, dense_vesicle, Cgroove, bridge, biciliated, balancer"
"12",2472639,"monociliated",1,2806,0,NA,NA,2,0,NA,"SSN",""
"13",2436142,"monociliated",1,3111,0,NA,6,1,0,NA,"SSN",""
"14",2436505,"nonciliated",0,NA,NA,NA,7,2,0,NA,"SSN",""
"15",2436516,"bridge",0,NA,NA,0,22,9,6,1,"SSN","SSN"
"16",2436550,"intra-multi-ciliated",21,8643.18181818182,8478.04545454545,NA,18,0,0,NA,"",""
"17",2436561,"monociliated",1,2105,0,NA,NA,2,0,NA,"SSN",""
"18",2436565,"nonciliated",0,NA,NA,NA,NA,0,0,NA,"",""
"19",2436590,"plumose",2,2542.5,0,NA,8,0,0,NA,"",""
"20",2436616,"biciliated",0,2033.5,0,0,NA,0,0,NA,"",""
"21",2436628,"monociliated",1,2703,0,NA,NA,0,0,NA,"",""
"22",2436662,"lamellate",20,4570.7,4479.6,NA,NA,0,0,NA,"",""
"23",2436675,"lamellate",23,4531.4347826087,4467.91304347826,NA,28,0,0,NA,"",""
"24",2436684,"bristle",0,NA,NA,NA,6,0,0,NA,"",""
"25",2436737,"nonciliated",0,NA,NA,NA,NA,2,0,NA,"SSN",""
"26",2436743,"monociliated",1,4538,0,NA,NA,3,0,NA,"SSN",""
"27",2436781,"monociliated",1,2590,0,NA,NA,0,0,NA,"",""
"28",2436802,"balancer",1,NA,NA,NA,8,1,0,NA,"SSN",""
"29",2436807,"balancer",1,NA,NA,NA,NA,1,0,NA,"SSN",""
"30",2436812,"balancer",1,NA,NA,NA,NA,1,0,NA,"SSN",""
"31",2436817,"balancer",1,NA,NA,NA,NA,2,0,NA,"SSN",""
"32",2436822,"balancer",1,NA,NA,NA,NA,0,0,NA,"",""
"33",2436827,"balancer",1,NA,NA,NA,NA,0,0,NA,"",""
"34",2436832,"balancer",1,NA,NA,NA,NA,0,0,NA,"",""
"35",2436842,"balancer",1,NA,NA,NA,NA,0,0,NA,"",""
"36",2436847,"balancer",1,NA,NA,NA,NA,0,0,NA,"",""
"37",2436852,"balancer",1,NA,NA,NA,NA,1,0,NA,"SSN",""
"38",2436857,"balancer",1,NA,NA,NA,NA,0,0,NA,"",""
"39",2436862,"balancer",1,NA,NA,NA,NA,0,0,NA,"",""
"40",2436867,"balancer",1,NA,NA,NA,NA,1,0,NA,"SSN",""
"41",2436872,"balancer",1,NA,NA,NA,NA,2,0,NA,"SSN",""
"42",2436877,"balancer",1,NA,NA,NA,NA,0,0,NA,"",""
"43",2436882,"balancer",1,NA,NA,NA,NA,1,0,NA,"SSN",""
"44",2436892,"balancer",1,11418,0,NA,NA,1,0,NA,"SSN",""
"45",2436898,"balancer",1,NA,NA,NA,NA,1,0,NA,"SSN",""
"46",2436903,"balancer",1,NA,NA,NA,NA,2,0,NA,"SSN",""
"47",2436908,"balancer",1,NA,NA,NA,NA,3,0,NA,"SSN",""
"48",2436913,"balancer",1,NA,NA,NA,NA,4,0,NA,"SSN",""
"49",2436918,"balancer",1,NA,NA,NA,NA,4,0,NA,"SSN",""
"50",2436923,"balancer",1,NA,NA,NA,NA,1,0,NA,"SSN",""
"51",2436928,"balancer",1,NA,NA,NA,NA,0,0,NA,"",""
"52",2436933,"balancer",1,NA,NA,NA,NA,0,0,NA,"",""
"53",2436943,"balancer",1,NA,NA,NA,NA,0,0,NA,"",""
"54",2436948,"balancer",1,NA,NA,NA,NA,0,0,NA,"",""
"55",2436953,"balancer",1,NA,NA,NA,NA,1,0,NA,"SSN",""
"56",2436964,"balancer",1,NA,NA,NA,NA,0,0,NA,"",""
"57",2436969,"balancer",1,NA,NA,NA,NA,0,0,NA,"",""
"58",2437003,"intra-multi-ciliated",16,3954.25,3766.8125,NA,NA,0,0,NA,"",""
"59",2437017,"nonciliated",0,NA,NA,NA,NA,0,0,NA,"",""
"60",2437025,"monociliated",1,1581,0,NA,NA,0,0,NA,"",""
"61",2437039,"nonciliated",0,NA,NA,NA,NA,0,0,NA,"",""
"62",2437072,"bridge",0,NA,NA,0,20,7,5,1.4,"SSN","SSN"
"63",2437077,"bridge",0,NA,NA,0,11,2,2,2.5,"SSN","SSN, bridge"
"64",2437083,"bridge",0,NA,NA,0,11,2,3,2,"SSN","SSN, monociliated, bridge"
"65",2437089,"bridge",0,NA,NA,0,14,3,5,1,"SSN, bridge","SSN, bridge"
"66",2437100,"bridge",0,NA,NA,2,8,2,1,2,"SSN, bridge","SSN, bridge"
"67",2437114,"balancer",1,NA,NA,NA,NA,0,0,NA,"",""
"68",2437118,"balancer",1,NA,NA,NA,NA,0,0,NA,"",""
"69",2437122,"balancer",1,NA,NA,NA,NA,3,0,NA,"SSN",""
"70",2437126,"balancer",1,NA,NA,NA,NA,0,0,NA,"",""
"71",2437130,"balancer",1,NA,NA,NA,NA,1,0,NA,"SSN",""
"72",2437134,"balancer",1,NA,NA,NA,NA,0,0,NA,"",""
"73",2437138,"balancer",1,NA,NA,NA,NA,0,0,NA,"",""
"74",2437154,"balancer",1,NA,NA,NA,NA,1,0,NA,"SSN",""
"75",2437158,"balancer",1,NA,NA,NA,NA,0,0,NA,"",""
"76",2437166,"balancer",1,NA,NA,NA,NA,1,0,NA,"SSN",""
"77",2437170,"balancer",2,NA,NA,NA,NA,2,0,NA,"SSN",""
"78",2437178,"balancer",1,NA,NA,NA,NA,1,0,NA,"SSN",""
"79",2437186,"nonciliated",0,NA,NA,NA,NA,2,0,NA,"SSN",""
"80",2437190,"balancer",1,NA,NA,NA,NA,2,0,NA,"SSN",""
"81",2437194,"balancer",0,NA,NA,NA,NA,3,0,NA,"SSN",""
"82",2437199,"balancer",1,NA,NA,NA,NA,0,0,NA,"",""
"83",2437203,"balancer",1,NA,NA,NA,NA,0,0,NA,"",""
"84",2437207,"balancer",1,NA,NA,NA,NA,0,0,NA,"",""
"85",2437211,"balancer",1,NA,NA,NA,NA,1,0,NA,"",""
"86",2437215,"balancer",1,NA,NA,NA,NA,0,0,NA,"",""
"87",2437285,"balancer",0,NA,NA,NA,NA,0,0,NA,"",""
"88",2437297,"balancer",1,9441,0,NA,3,1,0,NA,"SSN",""
"89",2437303,"balancer",1,9660,0,NA,NA,1,0,NA,"SSN",""
"90",2437308,"balancer",0,NA,NA,NA,NA,1,0,NA,"",""
"91",2437313,"balancer",1,NA,NA,NA,NA,0,0,NA,"",""
"92",2437318,"balancer",1,NA,NA,NA,NA,0,0,NA,"",""
"93",2437323,"balancer",1,NA,NA,NA,NA,0,0,NA,"",""
"94",2437328,"balancer",1,NA,NA,NA,NA,0,0,NA,"",""
"95",2437333,"balancer",1,NA,NA,NA,NA,1,0,NA,"",""
"96",2437338,"balancer",1,NA,NA,NA,NA,0,0,NA,"",""
"97",2437343,"balancer",1,NA,NA,NA,NA,0,0,NA,"",""
"98",2437353,"balancer",1,NA,NA,NA,NA,1,0,NA,"SSN",""
"99",2437358,"balancer",1,NA,NA,NA,NA,0,0,NA,"",""
"100",2437363,"balancer",1,NA,NA,NA,NA,0,0,NA,"",""
"101",2437368,"balancer",1,NA,NA,NA,NA,0,0,NA,"",""
"102",2437373,"balancer",2,NA,NA,NA,NA,0,0,NA,"",""
"103",2437378,"balancer",1,NA,NA,NA,NA,1,0,NA,"",""
"104",2437383,"balancer",1,NA,NA,NA,NA,1,0,NA,"SSN",""
"105",2437388,"balancer",1,9755,0,NA,NA,1,0,NA,"SSN",""
"106",2437393,"balancer",1,NA,NA,NA,NA,0,0,NA,"",""
"107",2437403,"balancer",1,NA,NA,NA,NA,1,0,NA,"SSN",""
"108",2437408,"balancer",1,10005,0,NA,NA,2,0,NA,"SSN",""
"109",2437413,"balancer",1,NA,NA,NA,NA,1,0,NA,"",""
"110",2437418,"balancer",1,NA,NA,NA,NA,1,0,NA,"",""
"111",2437423,"balancer",1,NA,NA,NA,NA,0,0,NA,"",""
"112",2437428,"balancer",1,NA,NA,NA,NA,0,0,NA,"",""
"113",2437438,"balancer",1,NA,NA,NA,NA,1,0,NA,"",""
"114",2437448,"balancer",1,NA,NA,NA,NA,0,0,NA,"",""
"115",2437452,"balancer",1,NA,NA,NA,NA,4,0,NA,"",""
"116",2437457,"balancer",2,9398,0,NA,NA,1,0,NA,"SSN",""
"117",2437658,"balancer",1,NA,NA,NA,NA,0,0,NA,"",""
"118",2437663,"balancer",1,NA,NA,NA,5,1,0,NA,"SSN",""
"119",2437668,"balancer",1,NA,NA,NA,NA,1,0,NA,"SSN",""
"120",2437673,"balancer",1,NA,NA,NA,NA,1,0,NA,"SSN",""
"121",2437678,"balancer",1,NA,NA,NA,NA,0,0,NA,"",""
"122",2437688,"balancer",1,NA,NA,NA,NA,2,0,NA,"SSN",""
"123",2437693,"balancer",1,NA,NA,NA,NA,0,0,NA,"",""
"124",2437698,"balancer",1,NA,NA,NA,NA,0,0,NA,"",""
"125",2437703,"balancer",1,NA,NA,NA,NA,2,0,NA,"SSN",""
"126",2437708,"balancer",1,NA,NA,NA,NA,0,0,NA,"",""
"127",2437713,"balancer",1,NA,NA,NA,NA,1,0,NA,"SSN",""
"128",2437718,"balancer",1,NA,NA,NA,NA,0,0,NA,"",""
"129",2437723,"balancer",1,NA,NA,NA,NA,0,0,NA,"",""
"130",2437728,"balancer",1,NA,NA,NA,NA,0,0,NA,"",""
"131",2437733,"balancer",1,NA,NA,NA,NA,1,0,NA,"SSN",""
"132",2437738,"balancer",1,NA,NA,NA,NA,0,0,NA,"",""
"133",2437743,"balancer",1,NA,NA,NA,NA,0,0,NA,"",""
"134",2437748,"balancer",1,NA,NA,NA,NA,0,0,NA,"",""
"135",2437753,"balancer",1,NA,NA,NA,NA,2,0,NA,"SSN",""
"136",2437758,"balancer",1,NA,NA,NA,NA,0,0,NA,"",""
"137",2437772,"balancer",0,NA,NA,NA,NA,2,0,NA,"SSN",""
"138",2437777,"balancer",1,NA,NA,NA,NA,4,0,NA,"SSN",""
"139",2437782,"balancer",1,NA,NA,NA,NA,2,0,NA,"SSN",""
"140",2437787,"balancer",0,NA,NA,NA,NA,4,0,NA,"SSN, bridge",""
"141",2437792,"balancer",1,NA,NA,NA,NA,1,0,NA,"SSN",""
"142",2437797,"balancer",1,NA,NA,NA,NA,0,0,NA,"",""
"143",2437802,"balancer",1,NA,NA,NA,NA,0,0,NA,"",""
"144",2437807,"balancer",1,NA,NA,NA,NA,0,0,NA,"",""
"145",2437812,"balancer",1,NA,NA,NA,NA,0,0,NA,"",""
"146",2437817,"balancer",1,NA,NA,NA,NA,0,0,NA,"",""
"147",2437822,"balancer",1,NA,NA,NA,NA,0,0,NA,"",""
"148",2437827,"balancer",0,NA,NA,NA,NA,0,0,NA,"",""
"149",2437832,"balancer",1,NA,NA,NA,NA,1,0,NA,"",""
"150",2438555,"monociliated",1,2649,0,NA,NA,3,0,NA,"SSN",""
"151",2438567,NA,1,3528,0,1,5,1,0,NA,"SSN",""
"152",2438578,"balancer",1,NA,NA,NA,NA,0,0,NA,"",""
"153",2438585,"balancer",0,NA,NA,2,NA,0,0,NA,"",""
"154",2438593,"balancer",0,NA,NA,2,NA,0,0,NA,"",""
"155",2438600,"bridge",0,NA,NA,2,7,4,0,NA,"SSN",""
"156",2438624,"intra-multi-ciliated",21,7498.57142857143,7430.85714285714,NA,NA,0,0,NA,"",""
"157",2438631,"intra-multi-ciliated",0,4902.91666666667,4560.625,NA,NA,0,0,NA,"",""
"158",2438644,"intra-multi-ciliated",28,7038.92307692308,6738.80769230769,NA,NA,0,0,NA,"",""
"159",2438653,"intra-multi-ciliated",18,7805.55555555556,7678.27777777778,NA,17,1,0,NA,"biciliated",""
"160",2438673,"lamellate",18,4327.66666666667,4275.22222222222,0,12,0,0,NA,"",""
"161",2438712,"intra-multi-ciliated",26,8463.26923076923,8393.30769230769,NA,NA,0,0,NA,"",""
"162",2438738,"lamellate",18,4125.16666666667,3987.27777777778,2,NA,0,0,NA,"",""
"163",2438810,"intra-multi-ciliated",15,6069.07142857143,5697.07142857143,NA,14,0,0,NA,"",""
"164",2438819,"lamellate",11,2993.72727272727,2842.72727272727,3,NA,0,0,NA,"",""
"165",2438827,"intra-multi-ciliated",28,8067.64285714286,8011.82142857143,1,NA,0,0,NA,"",""
"166",2438834,"intra-multi-ciliated",14,7717.42857142857,7655.28571428571,NA,NA,0,0,NA,"",""
"167",2438846,"lamellate",0,7612.5,2726.5,0,NA,0,0,NA,"",""
"168",2438853,"bristle",0,NA,NA,NA,4,0,0,NA,"",""
"169",2438861,NA,3,1176.66666666667,0,0,NA,0,0,NA,"",""
"170",2438874,"biciliated",2,1775.5,0,NA,NA,0,0,NA,"",""
"171",2438887,"monociliated",1,NA,NA,NA,NA,0,0,NA,"",""
"172",2438900,"biciliated",2,910,0,NA,NA,0,0,NA,"",""
"173",2438913,"biciliated",2,1694.5,0,NA,NA,0,0,NA,"",""
"174",2438926,"multiciliated",3,1254.33333333333,0,2,4,0,0,NA,"",""
"175",2438975,NA,8,2401.375,0,0,NA,0,0,NA,"",""
"176",2456907,"nonciliated",0,NA,NA,0,NA,8,0,NA,"SSN",""
"177",2456930,"monociliated",1,3841,0,NA,NA,8,0,NA,"SSN",""
"178",2456940,NA,0,NA,NA,0,NA,2,0,NA,"SSN",""
"179",2456952,"monociliated",1,2755,0,NA,NA,3,0,NA,"SSN",""
"180",2456961,"monociliated",1,2428,0,NA,NA,0,0,NA,"",""
"181",2456970,"nonciliated",0,NA,NA,NA,NA,4,0,NA,"SSN",""
"182",2456978,"monociliated",1,2139,0,NA,NA,0,0,NA,"",""
"183",2456989,"monociliated",0,5653,0,NA,NA,2,0,NA,"SSN",""
"184",2457032,"monociliated",1,4371,0,NA,NA,4,0,NA,"SSN",""
"185",2457045,"monociliated",1,2669,0,NA,NA,2,0,NA,"SSN",""
"186",2457056,"monociliated",1,2989,0,NA,NA,0,0,NA,"",""
"187",2457068,NA,0,NA,NA,1,NA,2,0,NA,"SSN",""
"188",2457078,"monociliated",1,2546,0,NA,NA,0,0,NA,"",""
"189",2457089,"monociliated",1,2444,0,NA,NA,0,0,NA,"",""
"190",2457107,"monociliated",1,2616,0,NA,NA,0,0,NA,"",""
"191",2457119,"monociliated",0,NA,NA,NA,NA,5,0,NA,"SSN",""
"192",2457129,"nonciliated",0,NA,NA,2,NA,3,0,NA,"SSN",""
"193",2457136,"monociliated",1,4138,0,NA,NA,1,0,NA,"",""
"194",2457148,"nonciliated",0,NA,NA,NA,NA,1,0,NA,"SSN",""
"195",2457163,"monociliated",1,3491,0,NA,NA,5,0,NA,"SSN",""
"196",2457172,"monociliated",1,1643,0,NA,NA,4,0,NA,"SSN",""
"197",2457182,"monociliated",0,3918,0,NA,NA,1,0,NA,"SSN",""
"198",2457192,"biciliated",2,3157.5,0,NA,9,1,0,NA,"SSN",""
"199",2457203,"monociliated",1,3219,0,NA,NA,0,0,NA,"",""
"200",2457213,"monociliated",1,4457,0,NA,NA,2,0,NA,"SSN",""
"201",2457226,"biciliated",2,1521,0,NA,NA,0,0,NA,"",""
"202",2457238,"monociliated",0,NA,NA,NA,NA,1,0,NA,"SSN",""
"203",2457254,"monociliated",1,2525,0,NA,NA,0,0,NA,"",""
"204",2457264,"monociliated",1,2387,0,NA,NA,0,0,NA,"",""
"205",2457274,"monociliated",0,2633,0,NA,NA,1,0,NA,"SSN",""
"206",2457283,"monociliated",1,3814,0,NA,NA,1,0,NA,"SSN",""
"207",2457293,"monociliated",0,3948,0,NA,NA,3,0,NA,"SSN",""
"208",2457303,"monociliated",1,3701,0,NA,NA,0,0,NA,"",""
"209",2457314,"monociliated",1,2710,0,NA,NA,0,0,NA,"",""
"210",2457327,"monociliated",1,3314,0,NA,NA,0,0,NA,"",""
"211",2457337,"nonciliated",0,NA,NA,NA,NA,2,0,NA,"SSN",""
"212",2457352,"monociliated",1,4287,0,NA,NA,0,0,NA,"",""
"213",2457359,"monociliated",1,2426,0,NA,NA,1,0,NA,"SSN",""
"214",2457374,"monociliated",1,2791,0,NA,NA,1,0,NA,"SSN",""
"215",2457391,"monociliated",0,7387,0,NA,NA,3,0,NA,"SSN",""
"216",2457401,"nonciliated",0,NA,NA,NA,NA,2,0,NA,"SSN",""
"217",2457408,"monociliated",1,1888,0,NA,NA,1,0,NA,"SSN",""
"218",2457417,"monociliated",1,1987,0,NA,NA,0,0,NA,"",""
"219",2457427,"nonciliated",0,NA,NA,NA,NA,2,0,NA,"SSN",""
"220",2457435,"monociliated",1,2712,0,NA,NA,1,0,NA,"SSN",""
"221",2457445,"nonciliated",0,NA,NA,NA,NA,5,0,NA,"SSN",""
"222",2457454,"nonciliated",0,NA,NA,NA,NA,3,0,NA,"SSN",""
"223",2457463,"monociliated",1,1807,0,NA,NA,1,0,NA,"SSN",""
"224",2457473,"biciliated",2,2448.5,0,NA,NA,0,0,NA,"",""
"225",2457484,"monociliated",1,3131,0,NA,NA,3,0,NA,"SSN",""
"226",2457494,"monociliated",1,3418,0,NA,NA,1,0,NA,"SSN",""
"227",2457535,"monociliated",1,2153,0,NA,NA,2,0,NA,"SSN",""
"228",2457547,"monociliated",1,7539,0,NA,NA,4,0,NA,"SSN",""
"229",2457570,"monociliated",1,2741,0,NA,NA,2,0,NA,"SSN",""
"230",2457579,"monociliated",1,1065,0,NA,NA,1,0,NA,"SSN",""
"231",2457588,"monociliated",1,1592,0,NA,NA,0,0,NA,"",""
"232",2457597,"nonciliated",0,NA,NA,NA,NA,0,0,NA,"",""
"233",2457610,"nonciliated",0,NA,NA,NA,NA,6,0,NA,"SSN",""
"234",2457619,"nonciliated",0,NA,NA,1,NA,2,0,NA,"SSN",""
"235",2457633,"monociliated",1,4265,0,NA,NA,5,0,NA,"SSN",""
"236",2457642,"monociliated",1,2528,0,NA,NA,3,0,NA,"SSN",""
"237",2457652,"monociliated",1,2785,0,NA,NA,3,0,NA,"SSN",""
"238",2457677,"monociliated",1,7823,0,NA,NA,4,0,NA,"SSN",""
"239",2457685,"nonciliated",0,NA,NA,NA,NA,5,0,NA,"SSN",""
"240",2457693,"nonciliated",0,NA,NA,NA,NA,7,0,NA,"SSN",""
"241",2457709,"balancer",1,NA,NA,NA,NA,5,0,NA,"SSN",""
"242",2457747,"nonciliated",0,NA,NA,NA,NA,5,0,NA,"SSN",""
"243",2457755,"nonciliated",0,NA,NA,NA,NA,1,0,NA,"SSN",""
"244",2457762,"monociliated",1,851,0,NA,NA,0,0,NA,"",""
"245",2457779,"monociliated",1,371,0,1,NA,3,0,NA,"SSN",""
"246",2457788,"nonciliated",0,NA,NA,NA,NA,4,0,NA,"SSN",""
"247",2457796,"nonciliated",0,NA,NA,NA,13,4,0,NA,"SSN",""
"248",2457809,"monociliated",1,2951,0,NA,NA,1,0,NA,"SSN",""
"249",2457819,"nonciliated",0,NA,NA,NA,NA,4,0,NA,"SSN",""
"250",2457829,"nonciliated",0,NA,NA,NA,NA,6,0,NA,"SSN",""
"251",2457839,"nonciliated",0,NA,NA,NA,NA,4,0,NA,"SSN",""
"252",2457850,"nonciliated",0,NA,NA,NA,NA,3,0,NA,"SSN",""
"253",2457859,"nonciliated",0,NA,NA,NA,NA,2,0,NA,"SSN",""
"254",2457867,"nonciliated",0,NA,NA,NA,NA,2,0,NA,"SSN",""
"255",2457876,"nonciliated",0,NA,NA,NA,NA,4,0,NA,"SSN",""
"256",2457884,"nonciliated",0,NA,NA,NA,NA,2,0,NA,"SSN",""
"257",2457895,"biciliated",2,1844,0,NA,7,0,0,NA,"",""
"258",2457907,"monociliated",1,5025,0,NA,NA,0,0,NA,"",""
"259",2457913,"nonciliated",0,NA,NA,NA,NA,1,0,NA,"SSN",""
"260",2457922,"nonciliated",0,NA,NA,NA,NA,5,0,NA,"SSN",""
"261",2457934,"nonciliated",0,NA,NA,NA,NA,3,0,NA,"SSN",""
"262",2457945,"dense_vesicle",0,NA,NA,0,4,0,0,NA,"",""
"263",2457958,"nonciliated",0,NA,NA,NA,NA,3,0,NA,"SSN",""
"264",2457966,"nonciliated",0,NA,NA,NA,NA,1,0,NA,"SSN",""
"265",2457980,"nonciliated",0,NA,NA,NA,NA,2,0,NA,"SSN",""
"266",2457988,"nonciliated",0,NA,NA,NA,NA,3,0,NA,"SSN",""
"267",2458004,"nonciliated",0,NA,NA,NA,NA,4,0,NA,"SSN",""
"268",2458011,"nonciliated",0,NA,NA,NA,NA,1,0,NA,"SSN",""
"269",2458020,"nonciliated",0,NA,NA,NA,NA,1,0,NA,"SSN",""
"270",2458027,"monociliated",1,1049,0,NA,NA,7,0,NA,"SSN, bridge",""
"271",2458038,NA,0,NA,NA,15,NA,0,0,NA,"",""
"272",2458046,"nonciliated",0,NA,NA,NA,NA,3,0,NA,"SSN",""
"273",2458055,"dense_vesicle",0,NA,NA,2,NA,0,0,NA,"",""
"274",2458064,"monociliated",1,2800,0,NA,NA,1,0,NA,"SSN",""
"275",2458074,NA,3,3416,982.666666666667,10,NA,0,0,NA,"",""
"276",2458079,"monociliated",1,2989,0,NA,NA,2,0,NA,"SSN",""
"277",2458083,"nonciliated",0,NA,NA,NA,NA,0,0,NA,"",""
"278",2458091,"nonciliated",0,NA,NA,NA,NA,1,0,NA,"SSN",""
"279",2458099,"biciliated",2,2511,0,NA,NA,2,0,NA,"SSN",""
"280",2458117,"nonciliated",0,NA,NA,NA,NA,1,0,NA,"",""
"281",2458130,"nonciliated",0,NA,NA,NA,NA,0,0,NA,"",""
"282",2458138,"nonciliated",0,NA,NA,NA,NA,3,0,NA,"SSN",""
"283",2458147,"dense_vesicle",0,NA,NA,2,NA,5,0,NA,"SSN",""
"284",2458155,"dense_vesicle",0,NA,NA,2,NA,0,0,NA,"",""
"285",2458164,"nonciliated",0,NA,NA,NA,NA,1,0,NA,"SSN",""
"286",2458171,"nonciliated",0,NA,NA,NA,NA,2,0,NA,"SSN",""
"287",2458180,"nonciliated",0,NA,NA,NA,NA,2,0,NA,"SSN",""
"288",2458188,"dense_vesicle",0,NA,NA,2,NA,2,0,NA,"SSN",""
"289",2458197,"nonciliated",0,NA,NA,NA,NA,3,0,NA,"SSN",""
"290",2458202,"nonciliated",0,NA,NA,NA,NA,0,0,NA,"",""
"291",2458211,"dense_vesicle",0,NA,NA,3,NA,3,0,NA,"SSN",""
"292",2458220,"bridge",0,NA,NA,NA,NA,7,3,1,"SSN","SSN"
"293",2458229,"bridge",0,NA,NA,NA,NA,3,0,NA,"SSN",""
"294",2458237,"bridge",0,NA,NA,NA,5,3,1,1,"SSN","SSN"
"295",2458246,"monociliated",1,4390,0,NA,NA,2,0,NA,"SSN",""
"296",2458263,"nonciliated",1,4428,0,NA,NA,3,0,NA,"SSN",""
"297",2458273,"nonciliated",0,NA,NA,NA,NA,0,0,NA,"",""
"298",2458281,"dense_vesicle",0,NA,NA,NA,NA,0,0,NA,"",""
"299",2458290,"dense_vesicle",0,NA,NA,2,NA,0,0,NA,"",""
"300",2458299,"dense_vesicle",0,NA,NA,4,NA,0,0,NA,"",""
"301",2458307,"dense_vesicle",0,NA,NA,6,NA,0,0,NA,"",""
"302",2458315,"dense_vesicle",0,NA,NA,4,NA,0,0,NA,"",""
"303",2458325,"dense_vesicle",0,NA,NA,5,NA,0,0,NA,"",""
"304",2458333,NA,2,4495,0,11,NA,0,0,NA,"",""
"305",2458342,"dense_vesicle",0,NA,NA,5,4,1,0,NA,"",""
"306",2458350,"dense_vesicle",0,NA,NA,2,5,0,0,NA,"",""
"307",2458367,"balancer",1,NA,NA,NA,NA,0,0,NA,"",""
"308",2458390,"balancer",1,NA,NA,NA,NA,0,0,NA,"",""
"309",2458401,"epithelial_floor",0,NA,NA,NA,3,0,0,NA,"",""
"310",2458409,"epithelial_floor",0,NA,NA,NA,NA,0,0,NA,"",""
"311",2458418,"bridge",0,NA,NA,NA,NA,3,0,NA,"SSN",""
"312",2458426,"bridge",0,NA,NA,0,NA,3,0,NA,"SSN",""
"313",2458434,"bridge",0,NA,NA,NA,NA,0,0,NA,"",""
"314",2458443,"epithelial_floor",0,NA,NA,NA,NA,0,0,NA,"",""
"315",2458453,"dense_vesicle",0,NA,NA,2,NA,0,0,NA,"",""
"316",2458461,"dense_vesicle",0,NA,NA,4,NA,0,0,NA,"",""
"317",2458468,"dense_vesicle",0,NA,NA,6,NA,0,0,NA,"",""
"318",2460125,"monociliated",1,948,0,NA,NA,0,0,NA,"",""
"319",2460135,"monociliated",1,1529,0,NA,NA,0,0,NA,"",""
"320",2460151,"multiciliated",3,1120,0,4,NA,0,0,NA,"",""
"321",2472546,"nonciliated",0,NA,NA,NA,NA,2,0,NA,"SSN",""
"322",2472558,"nonciliated",0,NA,NA,0,NA,2,0,NA,"SSN",""
"323",2472573,"monociliated",1,2754,0,NA,NA,3,0,NA,"SSN",""
"324",2472595,"nonciliated",0,NA,NA,NA,NA,2,0,NA,"SSN",""
"325",2472607,NA,0,NA,NA,15,6,0,0,NA,"",""
"326",2472657,"nonciliated",0,NA,NA,2,NA,1,0,NA,"SSN",""
"327",2472671,"monociliated",1,6837,0,NA,NA,7,0,NA,"SSN",""
"328",2473912,"dome",8,NA,NA,NA,NA,0,0,NA,"",""
"329",2472687,"nonciliated",0,NA,NA,NA,NA,2,0,NA,"SSN",""
"330",2472712,"monociliated",1,3651,0,NA,NA,2,0,NA,"SSN",""
"331",2472766,"bridge",0,NA,NA,NA,NA,5,0,NA,"SSN, bridge",""
"332",2472777,"nonciliated",0,NA,NA,2,NA,1,0,NA,"SSN",""
"333",2472791,"monociliated",1,1359,0,NA,NA,0,0,NA,"",""
"334",2472833,NA,0,NA,NA,20,NA,0,0,NA,"",""
"335",2472950,"nonciliated",0,NA,NA,NA,NA,0,0,NA,"",""
"336",2472983,"balancer",1,NA,NA,NA,NA,1,0,NA,"SSN",""
"337",2473250,"nonciliated",0,NA,NA,NA,9,5,0,NA,"SSN",""
"338",2473261,"monociliated",1,863,0,NA,NA,0,0,NA,"",""
"339",2473279,"monociliated",1,2865,0,NA,NA,3,0,NA,"SSN",""
"340",2473297,"nonciliated",0,NA,NA,NA,NA,0,0,NA,"",""
"341",2473306,"bridge",0,NA,NA,0,0,12,8,1,"SSN, bridge","SSN, bridge"
"342",2473322,NA,0,NA,NA,17,NA,1,0,NA,"biciliated",""
"343",2473350,"nonciliated",0,NA,NA,NA,NA,0,0,NA,"",""
"344",2473357,"nonciliated",0,NA,NA,NA,NA,4,0,NA,"SSN",""
"345",2473363,"monociliated",1,1876,0,0,11,0,0,NA,"",""
"346",2473377,"biciliated",2,1490,0,NA,NA,0,0,NA,"",""
"347",2473440,"dome",0,NA,NA,NA,5,0,0,NA,"",""
"348",2473471,"dome",0,NA,NA,NA,5,0,0,NA,"",""
"349",2473487,"dome",0,NA,NA,NA,NA,0,0,NA,"",""
"350",2473512,"dome",0,NA,NA,NA,NA,0,0,NA,"",""
"351",2473524,"dome",17,NA,NA,NA,NA,0,0,NA,"",""
"352",2473555,"dome",0,NA,NA,NA,NA,0,0,NA,"",""
"353",2473571,"dome",0,NA,NA,NA,NA,0,0,NA,"",""
"354",2473584,"epithelial_floor",0,NA,NA,NA,NA,1,0,NA,"",""
"355",2473589,"dome",0,NA,NA,NA,NA,2,0,NA,"",""
"356",2473599,"epithelial_floor",0,NA,NA,NA,5,1,0,NA,"",""
"357",2473606,"dome",0,NA,NA,NA,NA,0,0,NA,"",""
"358",2473617,"dome",0,NA,NA,NA,NA,0,0,NA,"",""
"359",2473626,"dome",0,NA,NA,NA,NA,0,0,NA,"",""
"360",2473636,"dome",0,NA,NA,NA,NA,0,0,NA,"",""
"361",2473645,"dome",0,NA,NA,NA,NA,1,0,NA,"",""
"362",2473656,"dome",0,NA,NA,NA,NA,0,0,NA,"",""
"363",2473666,"dome",0,NA,NA,NA,NA,0,0,NA,"",""
"364",2473676,"dome",0,NA,NA,NA,NA,0,0,NA,"",""
"365",2473687,"dome",0,NA,NA,NA,NA,0,0,NA,"",""
"366",2473697,"dome",0,NA,NA,NA,NA,0,0,NA,"",""
"367",2473716,"dome",0,NA,NA,NA,NA,0,0,NA,"",""
"368",2473734,"dome",0,NA,NA,NA,NA,0,0,NA,"",""
"369",2473746,"dome",0,NA,NA,NA,NA,0,0,NA,"",""
"370",2473790,"dome",0,NA,NA,NA,NA,0,0,NA,"",""
"371",2473803,"dome",0,NA,NA,NA,NA,0,0,NA,"",""
"372",2473813,"dome",0,NA,NA,NA,NA,0,0,NA,"",""
"373",2473824,"dome",0,NA,NA,NA,NA,0,0,NA,"",""
"374",2473835,"dome",0,NA,NA,NA,NA,0,0,NA,"",""
"375",2473845,"dome",0,NA,NA,NA,NA,0,0,NA,"",""
"376",2473854,"dome",0,NA,NA,NA,NA,0,0,NA,"",""
"377",2473864,"dome",0,NA,NA,NA,NA,0,0,NA,"",""
"378",2473874,"dome",0,NA,NA,NA,NA,0,0,NA,"",""
"379",2473884,"dome",0,NA,NA,NA,NA,0,0,NA,"",""
"380",2473893,"dome",0,NA,NA,NA,NA,0,0,NA,"",""
"381",2473903,"dome",0,NA,NA,NA,NA,0,0,NA,"",""
"382",2473922,"dome",4,NA,NA,NA,NA,0,0,NA,"",""
"383",2473936,"dome",0,NA,NA,NA,NA,0,0,NA,"",""
"384",2473945,"dome",0,NA,NA,NA,NA,0,0,NA,"",""
"385",2473954,"epithelial_floor",0,NA,NA,NA,4,0,0,NA,"",""
"386",2473959,"dome",0,NA,NA,NA,NA,0,0,NA,"",""
"387",2473969,"dome",0,NA,NA,NA,NA,0,0,NA,"",""
"388",2473975,"dome",0,NA,NA,NA,NA,0,0,NA,"",""
"389",2473990,"plumose",1,2502,0,NA,NA,0,0,NA,"",""
"390",2474009,"plumose",1,3649,0,0,NA,0,0,NA,"",""
"391",2474022,"plumose",1,3687,0,0,NA,0,0,NA,"",""
"392",2474038,"plumose",1,3627,0,NA,NA,0,0,NA,"",""
"393",2474051,"plumose",1,2699,0,NA,NA,0,0,NA,"",""
"394",2474066,"plumose",1,3691,0,NA,6,0,0,NA,"",""
"395",2474081,"plumose",1,3220,0,1,NA,0,0,NA,"",""
"396",2474107,"bristle",0,NA,NA,NA,NA,0,0,NA,"",""
"397",2474122,"bristle",0,NA,NA,NA,NA,0,0,NA,"",""
"398",2474137,"plumose",1,3019,0,NA,NA,0,0,NA,"",""
"399",2474155,"plumose",2,3117.5,0,NA,NA,0,0,NA,"",""
"400",2474181,"plumose",1,5452,0,NA,NA,0,0,NA,"",""
"401",2474196,"plumose",2,5220.5,0,NA,NA,0,0,NA,"",""
"402",2474213,"plumose",3,5090.33333333333,0,NA,NA,0,0,NA,"",""
"403",2474232,"plumose",1,5366,0,NA,NA,0,0,NA,"",""
"404",2474244,"plumose",1,4711,0,NA,NA,0,0,NA,"",""
"405",2474259,"plumose",1,5359,0,0,NA,0,0,NA,"",""
"406",2474359,"plumose",1,4726,0,0,NA,0,0,NA,"",""
"407",2474377,"plumose",1,3274,0,1,NA,0,0,NA,"",""
"408",2474445,"Cgroove",21,NA,NA,NA,NA,2,0,NA,"SSN",""
"409",2474461,"Cgroove",0,NA,NA,NA,NA,0,0,NA,"",""
"410",2474472,"Cgroove",0,NA,NA,NA,NA,1,0,NA,"",""
"411",2474482,"Cgroove",0,NA,NA,NA,6,0,0,NA,"",""
"412",2474505,"Cgroove",22,NA,NA,NA,NA,1,0,NA,"SSN",""
"413",2474529,"Cgroove",0,NA,NA,NA,NA,1,0,NA,"SSN",""
"414",2474541,"Cgroove",0,NA,NA,NA,NA,2,0,NA,"SSN",""
"415",2474552,"Cgroove",0,NA,NA,NA,NA,0,0,NA,"",""
"416",2474772,"dense_vesicle",0,NA,NA,2,NA,0,0,NA,"",""
"417",2474780,"dense_vesicle",0,NA,NA,0,NA,0,0,NA,"",""
"418",2474789,"nonciliated",1,2090,0,NA,NA,0,0,NA,"",""
"419",2474797,"biciliated",2,1219,0,NA,NA,0,0,NA,"",""
"420",2474811,"monociliated",1,2195,0,NA,NA,0,0,NA,"",""
"421",2474824,"multiciliated",6,2158.5,0,0,7,0,0,NA,"",""
"422",2474844,"monociliated",1,2473,0,NA,NA,0,0,NA,"",""
"423",2474855,"multiciliated",4,1082.5,0,0,NA,0,0,NA,"",""
"424",2474871,"multiciliated",3,2855,0,4,NA,0,0,NA,"",""
"425",2474885,"multiciliated",3,2255,0,9,NA,0,0,NA,"",""
"426",2474905,"lamellate",0,6711,3681.75,0,0,0,0,NA,"",""
"427",2474920,"monociliated",1,1899,926,NA,NA,0,0,NA,"",""
"428",2474930,"biciliated",2,1461,0,NA,NA,0,0,NA,"",""
"429",2474943,"biciliated",2,2629.5,0,NA,NA,0,0,NA,"",""
"430",2474955,"multiciliated",0,936.666666666667,0,0,NA,0,0,NA,"",""
"431",2474967,"biciliated",2,2404.5,0,NA,NA,0,0,NA,"",""
"432",2475080,"monociliated",1,1971,0,NA,NA,0,0,NA,"",""
"433",2475090,"monociliated",1,3988,0,NA,NA,0,0,NA,"",""
"434",2475100,"biciliated",2,3796.5,0,NA,NA,0,0,NA,"",""
"435",2475113,"biciliated",2,1922,0,0,NA,0,0,NA,"",""
"436",2475126,NA,8,1652,0,3,NA,0,0,NA,"",""
"437",2475150,"dome",0,NA,NA,NA,NA,0,0,NA,"",""
"438",2475157,"dome",0,NA,NA,NA,NA,0,0,NA,"",""
"439",2475170,"plumose",1,3985,0,NA,NA,0,0,NA,"",""
"440",2475179,"biciliated",2,2095,0,3,NA,0,0,NA,"",""
"441",2475197,"biciliated",2,3972,0,NA,NA,0,0,NA,"",""
"442",2475207,"biciliated",2,534,0,NA,NA,0,0,NA,"",""
"443",2475217,"biciliated",2,1204.5,0,NA,NA,0,0,NA,"",""
"444",2475228,"monociliated",1,1322,0,NA,NA,0,0,NA,"",""
"445",2475238,"multiciliated",4,1612,0,11,NA,0,0,NA,"",""
"446",2475251,"monociliated",1,2070,0,NA,NA,0,0,NA,"",""
"447",2475261,"epithelial_floor",0,NA,NA,NA,9,0,0,NA,"",""
"448",2475269,"monociliated",1,3168,0,NA,6,0,0,NA,"",""
"449",2475279,"multiciliated",4,1283.5,0,6,NA,0,0,NA,"",""
"450",2475290,NA,6,2373,0,4,NA,0,0,NA,"",""
"451",2475316,"multiciliated",3,1370.66666666667,0,3,NA,0,0,NA,"",""
"452",2475330,"monociliated",1,1852,0,NA,NA,0,0,NA,"",""
"453",2475339,"multiciliated",0,1615.66666666667,0,0,NA,0,0,NA,"",""
"454",2475352,"multiciliated",3,1744.33333333333,0,3,NA,0,0,NA,"",""
"455",2475366,"biciliated",2,2589.5,0,NA,8,0,0,NA,"",""
"456",2475376,"monociliated",1,2881,0,1,NA,0,0,NA,"",""
"457",2475386,"monociliated",1,2627,0,NA,NA,0,0,NA,"",""
"458",2475395,"monociliated",1,1309,0,NA,NA,0,0,NA,"",""
"459",2475404,"biciliated",2,1029,0,NA,NA,0,0,NA,"",""
"460",2475414,"biciliated",2,1524.5,0,NA,NA,0,0,NA,"",""
"461",2475423,"biciliated",2,1244.5,0,NA,NA,0,0,NA,"",""
"462",2475433,"biciliated",2,2697.5,0,NA,NA,0,0,NA,"",""
"463",2475442,"biciliated",2,2073,0,NA,NA,0,0,NA,"",""
"464",2475452,"biciliated",2,949,0,NA,NA,0,0,NA,"",""
"465",2475462,"monociliated",1,2247,0,NA,NA,0,0,NA,"",""
"466",2475474,"monociliated",1,1348,0,NA,NA,0,0,NA,"",""
"467",2475480,"epithelial_floor",0,NA,NA,NA,NA,0,0,NA,"",""
"468",2475486,"epithelial_floor",0,NA,NA,NA,NA,0,0,NA,"",""
"469",2475491,"epithelial_floor",0,NA,NA,NA,NA,0,0,NA,"",""
"470",2475497,"epithelial_floor",0,NA,NA,NA,NA,0,0,NA,"",""
"471",2475509,"multiciliated",0,2815.66666666667,0,0,NA,0,0,NA,"",""
"472",2475519,"epithelial_floor",0,NA,NA,NA,NA,0,0,NA,"",""
"473",2475525,"monociliated",1,523,0,NA,NA,0,0,NA,"",""
"474",2475531,"biciliated",2,1701,0,NA,NA,0,0,NA,"",""
"475",2475539,"epithelial_floor",0,NA,NA,2,NA,0,0,NA,"",""
"476",2475547,"biciliated",2,2452.5,0,NA,NA,0,0,NA,"",""
"477",2475558,"monociliated",1,1658,0,NA,NA,0,0,NA,"",""
"478",2475565,"monociliated",1,2309,0,NA,NA,0,0,NA,"",""
"479",2475574,"monociliated",1,1103,0,NA,NA,0,0,NA,"",""
"480",2475582,"biciliated",2,1277.5,0,NA,NA,0,0,NA,"",""
"481",2475592,"epithelial_floor",0,NA,NA,NA,NA,0,0,NA,"",""
"482",2475599,"monociliated",1,1651,0,NA,NA,0,0,NA,"",""
"483",2475608,"epithelial_floor",0,NA,NA,NA,NA,0,0,NA,"",""
"484",2475615,"epithelial_floor",0,NA,NA,NA,NA,0,0,NA,"",""
"485",2475622,"monociliated",1,1726,0,NA,NA,0,0,NA,"",""
"486",2475632,"monociliated",1,1459,0,NA,NA,0,0,NA,"",""
"487",2475641,"monociliated",1,2827,0,NA,NA,0,0,NA,"",""
"488",2475650,"epithelial_floor",0,NA,NA,NA,NA,0,0,NA,"",""
"489",2475658,"monociliated",1,1706,0,NA,NA,0,0,NA,"",""
"490",2475666,"monociliated",1,1486,0,0,NA,0,0,NA,"",""
"491",2475675,"multiciliated",0,980.666666666667,0,0,NA,0,0,NA,"",""
"492",2475686,"monociliated",1,1861,0,NA,NA,0,0,NA,"",""
"493",2475695,"biciliated",2,1483.5,0,NA,NA,0,0,NA,"",""
"494",2475706,"biciliated",2,2041.5,0,NA,NA,0,0,NA,"",""
"495",2475716,"monociliated",1,1977,0,NA,NA,0,0,NA,"",""
"496",2475726,"biciliated",2,1601.5,0,NA,NA,0,0,NA,"",""
"497",2475742,"epithelial_floor",0,NA,NA,0,NA,0,0,NA,"",""
"498",2475750,"biciliated",2,1745,0,NA,NA,0,0,NA,"",""
"499",2475760,"monociliated",1,2364,0,NA,NA,0,0,NA,"",""
"500",2475770,"monociliated",1,2102,0,NA,NA,0,0,NA,"",""
"501",2475780,"biciliated",2,2511,0,NA,NA,0,0,NA,"",""
"502",2475790,"monociliated",1,2313,0,NA,NA,0,0,NA,"",""
"503",2475799,"epithelial_floor",0,NA,NA,3,NA,0,0,NA,"",""
"504",2475826,"epithelial_floor",0,NA,NA,NA,NA,0,0,NA,"",""
"505",2475854,"epithelial_floor",0,NA,NA,NA,NA,0,0,NA,"",""
"506",2475859,"epithelial_floor",0,NA,NA,NA,NA,0,0,NA,"",""
"507",2475865,"Cgroove",27,NA,NA,NA,NA,0,0,NA,"",""
"508",2475912,"epithelial_floor",0,NA,NA,NA,NA,2,0,NA,"",""
"509",2475931,"epithelial_floor",0,NA,NA,NA,NA,0,0,NA,"",""
"510",2475939,"lithocyte",0,NA,NA,NA,29,1,0,NA,"",""
"511",2475952,"Cgroove",0,NA,NA,NA,NA,0,0,NA,"",""
"512",2511558,NA,0,NA,NA,NA,NA,5,0,NA,"",""
"513",2476064,"biciliated",2,8501,0,NA,4,1,0,NA,"",""
"514",2476089,"epithelial_floor",0,NA,NA,NA,NA,0,0,NA,"",""
"515",2476099,"epithelial_floor",0,NA,NA,NA,NA,1,0,NA,"",""
"516",2476108,"epithelial_floor",0,NA,NA,NA,NA,1,0,NA,"",""
"517",2476135,"epithelial_floor",0,NA,NA,NA,NA,0,0,NA,"",""
"518",2476142,"epithelial_floor",0,NA,NA,NA,NA,0,0,NA,"",""
"519",2476149,"balancer",1,NA,NA,NA,NA,0,0,NA,"",""
"520",2476156,"epithelial_floor",0,NA,NA,NA,NA,0,0,NA,"",""
"521",2476165,"epithelial_floor",0,NA,NA,NA,NA,1,0,NA,"",""
"522",2476182,"monociliated",1,2420,0,NA,NA,0,0,NA,"",""
"523",2476193,"dome",0,NA,NA,NA,NA,0,0,NA,"",""
"524",2476207,"epithelial_floor",0,NA,NA,NA,NA,0,0,NA,"",""
"525",2476229,"epithelial_floor",0,NA,NA,NA,NA,0,0,NA,"",""
"526",2476246,"biciliated",2,654,0,NA,NA,0,0,NA,"",""
"527",2476250,"epithelial_floor",0,NA,NA,NA,NA,0,0,NA,"",""
"528",2476258,"epithelial_floor",0,NA,NA,NA,NA,0,0,NA,"",""
"529",2476397,"biciliated",2,1402.5,0,NA,NA,0,0,NA,"",""
"530",2476407,"monociliated",1,4212,0,NA,NA,0,0,NA,"",""
"531",2476423,"biciliated",2,2140.5,0,NA,NA,0,0,NA,"",""
"532",2476433,"multiciliated",4,3604.25,0,0,NA,0,0,NA,"",""
"533",2476445,"monociliated",1,4571,0,NA,NA,0,0,NA,"",""
"534",2476513,"multiciliated",0,1455.33333333333,0,0,NA,0,0,NA,"",""
"535",2476526,"biciliated",2,3870.5,0,NA,NA,0,0,NA,"",""
"536",2476626,"epithelial_floor",0,NA,NA,NA,NA,0,0,NA,"",""
"537",2476636,"monociliated",1,1836,0,NA,NA,0,0,NA,"",""
"538",2476645,"monociliated",1,4397,0,NA,NA,0,0,NA,"",""
"539",2476654,"multiciliated",4,4931,0,3,NA,0,0,NA,"",""
"540",2476667,"monociliated",1,1638,0,NA,NA,0,0,NA,"",""
"541",2476685,"monociliated",1,1951,0,NA,NA,0,0,NA,"",""
"542",2476694,"epithelial_floor",0,NA,NA,NA,NA,0,0,NA,"",""
"543",2476704,"monociliated",1,1948,0,NA,NA,0,0,NA,"",""
"544",2476713,"monociliated",1,3100,0,NA,NA,0,0,NA,"",""
"545",2476741,"multiciliated",0,1681.66666666667,0,0,NA,0,0,NA,"",""
"546",2476768,"biciliated",2,1744.5,0,NA,NA,0,0,NA,"",""
"547",2476950,"multiciliated",3,2283.5,0,1,NA,0,0,NA,"",""
"548",2476969,"biciliated",2,4095.5,0,NA,NA,0,0,NA,"",""
"549",2477022,"biciliated",2,1098,0,1,NA,0,0,NA,"",""
"550",2477037,"biciliated",2,1432.5,0,NA,NA,0,0,NA,"",""
"551",2477047,"biciliated",2,1314.5,0,NA,NA,0,0,NA,"",""
"552",2477057,"biciliated",2,987,0,NA,NA,0,0,NA,"",""
"553",2477067,"monociliated",0,NA,NA,NA,NA,0,0,NA,"",""
"554",2477075,"biciliated",2,1387,0,0,NA,0,0,NA,"",""
"555",2477083,"biciliated",2,1733,0,NA,NA,0,0,NA,"",""
"556",2477095,"biciliated",2,1566,0,NA,NA,0,0,NA,"",""
"557",2477105,"biciliated",2,2491,0,0,NA,0,0,NA,"",""
"558",2477121,"biciliated",0,1920.5,142.5,0,NA,0,0,NA,"",""
"559",2477131,"biciliated",2,2890,0,NA,4,0,0,NA,"",""
"560",2477138,"multiciliated",3,1393.66666666667,0,NA,NA,0,0,NA,"",""
"561",2477144,"monociliated",1,1955,0,NA,NA,0,0,NA,"",""
"562",2477160,"monociliated",1,3341,287,NA,NA,0,0,NA,"",""
"563",2477170,"monociliated",1,2654,0,NA,NA,0,0,NA,"",""
"564",2477180,"monociliated",1,1875,0,NA,NA,0,0,NA,"",""
"565",2477190,"biciliated",2,3503,0,NA,NA,0,0,NA,"",""
"566",2477198,"monociliated",1,2601,0,2,NA,0,0,NA,"",""
"567",2477209,"monociliated",1,3971,0,1,NA,0,0,NA,"",""
"568",2477220,"biciliated",2,1795,0,NA,NA,0,0,NA,"",""
"569",2477232,"monociliated",1,1678,0,NA,NA,0,0,NA,"",""
"570",2477242,"monociliated",1,1818,0,NA,NA,0,0,NA,"",""
"571",2477288,"monociliated",1,3305,0,NA,NA,0,0,NA,"",""
"572",2477298,"biciliated",2,1582,0,0,NA,0,0,NA,"",""
"573",2477311,"monociliated",1,3042,0,1,NA,0,0,NA,"",""
"574",2477321,"monociliated",1,2947,0,0,NA,0,0,NA,"",""
"575",2477341,"monociliated",1,2388,0,NA,NA,0,0,NA,"",""
"576",2477367,"biciliated",2,3797,0,0,NA,0,0,NA,"",""
"577",2477381,"monociliated",1,1214,0,NA,NA,0,0,NA,"",""
"578",2477390,"monociliated",1,1770,0,NA,NA,0,0,NA,"",""
"579",2477402,"monociliated",1,1383,0,NA,NA,0,0,NA,"",""
"580",2477411,"monociliated",1,1175,0,NA,NA,0,0,NA,"",""
"581",2477420,"biciliated",2,1193,0,NA,NA,0,0,NA,"",""
"582",2477431,"epithelial_floor",0,NA,NA,NA,NA,0,0,NA,"",""
"583",2477449,"biciliated",2,1056,0,NA,NA,0,0,NA,"",""
"584",2477470,"monociliated",1,1610,0,NA,NA,0,0,NA,"",""
"585",2477486,"monociliated",1,2230,0,NA,NA,0,0,NA,"",""
"586",2477500,"monociliated",1,1175,0,NA,NA,0,0,NA,"",""
"587",2477516,"monociliated",1,3839,0,NA,NA,0,0,NA,"",""
"588",2477528,"epithelial_floor",0,NA,NA,NA,NA,0,0,NA,"",""
"589",2477553,"biciliated",2,1268.5,0,NA,NA,0,0,NA,"",""
"590",2477563,"monociliated",1,3439,0,NA,NA,0,0,NA,"",""
"591",2477571,"monociliated",1,813,0,NA,NA,0,0,NA,"",""
"592",2477580,"monociliated",1,2135,0,NA,NA,0,0,NA,"",""
"593",2477589,"monociliated",1,1728,0,NA,NA,0,0,NA,"",""
"594",2477597,"monociliated",1,2155,0,NA,NA,0,0,NA,"",""
"595",2477606,"monociliated",1,1188,0,NA,NA,0,0,NA,"",""
"596",2477615,"monociliated",1,845,0,NA,NA,0,0,NA,"",""
"597",2477623,"monociliated",1,1114,0,0,NA,0,0,NA,"",""
"598",2477632,"epithelial_floor",0,NA,NA,NA,NA,0,0,NA,"",""
"599",2477638,"epithelial_floor",0,NA,NA,NA,NA,0,0,NA,"",""
"600",2477644,"epithelial_floor",0,NA,NA,1,NA,0,0,NA,"",""
"601",2477651,"epithelial_floor",0,NA,NA,NA,NA,0,0,NA,"",""
"602",2477658,"epithelial_floor",0,NA,NA,NA,NA,0,0,NA,"",""
"603",2477668,"epithelial_floor",0,NA,NA,NA,NA,0,0,NA,"",""
"604",2477677,"epithelial_floor",0,NA,NA,NA,NA,0,0,NA,"",""
"605",2477697,"Cgroove",0,NA,NA,NA,NA,1,0,NA,"",""
"606",2477706,"epithelial_floor",0,NA,NA,NA,NA,0,0,NA,"",""
"607",2477712,"epithelial_floor",0,NA,NA,NA,NA,1,0,NA,"",""
"608",2477717,"monociliated",1,1232,0,NA,NA,0,0,NA,"",""
"609",2477736,"epithelial_floor",0,NA,NA,NA,NA,0,0,NA,"",""
"610",2477745,"biciliated",2,902.5,231.5,NA,NA,0,0,NA,"",""
"611",2477755,"epithelial_floor",0,NA,NA,NA,NA,0,0,NA,"",""
"612",2477778,"epithelial_floor",0,NA,NA,NA,NA,0,0,NA,"",""
"613",2477784,"epithelial_floor",0,NA,NA,NA,8,0,0,NA,"",""
"614",2477790,"epithelial_floor",0,NA,NA,NA,NA,0,0,NA,"",""
"615",2477796,"monociliated",1,2292,0,NA,NA,0,0,NA,"",""
"616",2477807,"monociliated",1,1876,0,NA,NA,0,0,NA,"",""
"617",2477822,"monociliated",1,1905,0,NA,NA,0,0,NA,"",""
"618",2477830,"monociliated",1,2755,0,NA,NA,0,0,NA,"",""
"619",2477840,"monociliated",0,NA,NA,NA,NA,0,0,NA,"",""
"620",2477849,"monociliated",1,2904,0,NA,NA,0,0,NA,"",""
"621",2477862,"monociliated",1,1567,0,1,NA,0,0,NA,"",""
"622",2477870,"monociliated",1,1318,0,3,NA,0,0,NA,"",""
"623",2477884,"biciliated",2,1178,0,4,5,0,0,NA,"",""
"624",2477892,"biciliated",2,3284,0,NA,NA,0,0,NA,"",""
"625",2477903,"multiciliated",3,1549.33333333333,0,1,NA,0,0,NA,"",""
"626",2477913,"epithelial_floor",0,NA,NA,NA,NA,0,0,NA,"",""
"627",2477921,"epithelial_floor",2,1434,0,2,NA,0,0,NA,"",""
"628",2477929,"monociliated",1,1747,0,NA,NA,0,0,NA,"",""
"629",2477939,"monociliated",1,1641,0,0,NA,0,0,NA,"",""
"630",2477949,"monociliated",1,1653,0,1,NA,0,0,NA,"",""
"631",2477958,"monociliated",1,1795,0,1,NA,0,0,NA,"",""
"632",2477967,"monociliated",1,1326,0,0,NA,0,0,NA,"",""
"633",2477976,"biciliated",2,1267,0,NA,NA,0,0,NA,"",""
"634",2477986,"biciliated",2,2031.5,0,NA,NA,0,0,NA,"",""
"635",2477996,"monociliated",1,1737,0,1,NA,0,0,NA,"",""
"636",2478006,"monociliated",1,1446,0,NA,NA,0,0,NA,"",""
"637",2478015,"biciliated",2,951.5,0,NA,NA,0,0,NA,"",""
"638",2478025,"monociliated",1,609,0,NA,NA,0,0,NA,"",""
"639",2478031,"epithelial_floor",0,NA,NA,NA,NA,0,0,NA,"",""
"640",2478040,"monociliated",1,1541,0,NA,NA,0,0,NA,"",""
"641",2478049,"monociliated",1,1807,0,NA,NA,0,0,NA,"",""
"642",2478057,"biciliated",2,1755.5,0,NA,NA,0,0,NA,"",""
"643",2478065,"monociliated",1,1521,0,NA,NA,0,0,NA,"",""
"644",2478074,"monociliated",1,1818,0,NA,NA,0,0,NA,"",""
"645",2478083,"monociliated",1,1745,0,NA,NA,0,0,NA,"",""
"646",2478094,"monociliated",1,2284,0,NA,NA,0,0,NA,"",""
"647",2478107,"monociliated",1,1053,0,NA,NA,0,0,NA,"",""
"648",2478116,"monociliated",1,1050,0,2,NA,0,0,NA,"",""
"649",2478125,"monociliated",1,1108,0,1,NA,0,0,NA,"",""
"650",2478134,"monociliated",1,1431,0,NA,NA,0,0,NA,"",""
"651",2478142,"biciliated",2,1452,0,NA,NA,0,0,NA,"",""
"652",2478154,"multiciliated",3,1314.33333333333,0,0,NA,0,0,NA,"",""
"653",2478164,"monociliated",1,1838,0,NA,NA,0,0,NA,"",""
"654",2478172,"multiciliated",0,1765.66666666667,0,0,NA,0,0,NA,"",""
"655",2478182,"lamellate",23,4508.13043478261,4424.95652173913,NA,NA,0,0,NA,"",""
"656",2478190,"monociliated",1,NA,NA,NA,NA,0,0,NA,"",""
"657",2478197,"lamellate",0,7819,3696,0,NA,0,0,NA,"",""
"658",2478208,"dense_vesicle",0,NA,NA,3,NA,0,0,NA,"",""
"659",2478218,"dense_vesicle",0,NA,NA,NA,NA,0,0,NA,"",""
"660",2478226,"dense_vesicle",0,NA,NA,2,NA,0,0,NA,"",""
"661",2478234,"dense_vesicle",0,NA,NA,2,NA,1,0,NA,"",""
"662",2478244,"dense_vesicle",0,NA,NA,2,NA,0,0,NA,"",""
"663",2478252,"dense_vesicle",0,NA,NA,NA,NA,1,0,NA,"SSN",""
"664",2478260,"dense_vesicle",0,NA,NA,NA,NA,0,0,NA,"",""
"665",2478268,"dense_vesicle",0,NA,NA,2,NA,0,0,NA,"",""
"666",2478274,"monociliated",1,2112,0,NA,NA,0,0,NA,"",""
"667",2478283,"dense_vesicle",0,NA,NA,NA,NA,0,0,NA,"",""
"668",2478291,"dense_vesicle",0,NA,NA,3,NA,0,0,NA,"",""
"669",2478301,"dense_vesicle",0,NA,NA,2,NA,0,0,NA,"",""
"670",2478312,"dense_vesicle",0,NA,NA,4,NA,0,0,NA,"",""
"671",2478320,"dense_vesicle",0,NA,NA,2,NA,0,0,NA,"",""
"672",2478328,"dense_vesicle",0,NA,NA,3,NA,0,0,NA,"",""
"673",2478336,"lamellate",4,6506.75,3348,8,NA,0,0,NA,"",""
"674",2478345,"multiciliated",0,1000,0,0,NA,0,0,NA,"",""
"675",2478355,"multiciliated",5,2071.8,320,14,NA,0,0,NA,"",""
"676",2478367,NA,11,1380.5,0,2,NA,0,0,NA,"",""
"677",2478396,"monociliated",1,2063,0,NA,NA,0,0,NA,"",""
"678",2478405,"biciliated",2,2283,0,NA,NA,0,0,NA,"",""
"679",2478533,"biciliated",2,2248,0,4,NA,0,0,NA,"",""
"680",2478544,"multiciliated",5,2133.8,0,2,7,0,0,NA,"",""
"681",2478559,"multiciliated",5,1280,0,12,NA,0,0,NA,"",""
"682",2478608,"biciliated",2,1347,0,NA,NA,0,0,NA,"",""
"683",2478618,"biciliated",2,1875,0,NA,NA,0,0,NA,"",""
"684",2478628,"nonciliated",0,NA,NA,NA,NA,4,0,NA,"SSN",""
"685",2478691,"biciliated",2,4266.5,0,NA,NA,0,0,NA,"",""
"686",2478701,"biciliated",2,1249,0,NA,3,0,1,2,"","intra-multi-ciliated"
"687",2478710,"nonciliated",0,NA,NA,NA,NA,5,0,NA,"SSN",""
"688",2478721,"monociliated",1,1162,0,3,NA,0,0,NA,"",""
"689",2478729,"biciliated",2,2549.5,0,0,NA,0,0,NA,"",""
"690",2478737,"monociliated",1,3308,0,1,NA,0,0,NA,"",""
"691",2478746,"monociliated",1,1538,0,NA,NA,0,0,NA,"",""
"692",2478755,"biciliated",2,2079,0,NA,NA,0,0,NA,"",""
"693",2478766,"multiciliated",6,1718.83333333333,0,0,NA,0,0,NA,"",""
"694",2478781,"multiciliated",4,1377.75,0,6,NA,0,0,NA,"",""
"695",2478794,"biciliated",2,1215.5,0,NA,NA,0,0,NA,"",""
"696",2478804,"plumose",0,NA,NA,NA,NA,0,0,NA,"",""
"697",2478814,"monociliated",1,1989,0,NA,NA,0,0,NA,"",""
"698",2478824,"epithelial_floor",0,NA,NA,NA,3,0,0,NA,"",""
"699",2478833,"biciliated",2,2393.5,0,NA,NA,0,0,NA,"",""
"700",2478844,"monociliated",1,2372,0,NA,NA,0,0,NA,"",""
"701",2478852,"monociliated",1,2304,0,NA,NA,0,0,NA,"",""
"702",2478861,"monociliated",1,1924,0,NA,NA,0,0,NA,"",""
"703",2478869,"monociliated",1,1479,0,NA,NA,0,0,NA,"",""
"704",2478879,"epithelial_floor",0,NA,NA,NA,NA,0,0,NA,"",""
"705",2478886,"monociliated",1,1918,0,NA,NA,0,0,NA,"",""
"706",2478893,"biciliated",2,1304,0,NA,NA,0,0,NA,"",""
"707",2478903,"biciliated",2,1099.5,0,NA,NA,0,0,NA,"",""
"708",2478913,"monociliated",1,1869,0,NA,NA,0,0,NA,"",""
"709",2478924,"monociliated",1,1251,0,NA,NA,0,0,NA,"",""
"710",2478933,"biciliated",2,1857,0,NA,NA,0,0,NA,"",""
"711",2478944,"monociliated",1,2006,0,NA,NA,0,0,NA,"",""
"712",2478953,"monociliated",1,1607,0,NA,NA,0,0,NA,"",""
"713",2478962,"monociliated",1,2415,0,NA,NA,0,0,NA,"",""
"714",2478971,"epithelial_floor",0,NA,NA,NA,NA,0,0,NA,"",""
"715",2478977,"monociliated",1,2058,0,NA,NA,0,0,NA,"",""
"716",2478985,"epithelial_floor",0,NA,NA,NA,NA,0,0,NA,"",""
"717",2478992,"monociliated",1,1534,0,NA,NA,0,0,NA,"",""
"718",2479001,"monociliated",1,2365,0,NA,NA,0,0,NA,"",""
"719",2479010,"monociliated",1,1981,0,NA,NA,0,0,NA,"",""
"720",2479018,"monociliated",1,2274,0,NA,NA,0,0,NA,"",""
"721",2479027,"multiciliated",4,1460.25,0,13,7,0,0,NA,"",""
"722",2479039,"biciliated",2,2378,0,NA,NA,0,0,NA,"",""
"723",2479049,"multiciliated",3,1973.33333333333,0,10,NA,0,0,NA,"",""
"724",2479060,"biciliated",2,1732.5,0,NA,NA,0,0,NA,"",""
"725",2479070,"biciliated",2,1775,0,NA,NA,0,0,NA,"",""
"726",2479082,"multiciliated",3,2131.33333333333,0,1,NA,0,0,NA,"",""
"727",2479093,"monociliated",1,1870,0,NA,NA,0,0,NA,"",""
"728",2479101,"biciliated",2,1171.5,0,NA,NA,0,0,NA,"",""
"729",2479111,"monociliated",1,1569,0,NA,NA,0,0,NA,"",""
"730",2479120,"monociliated",1,1892,0,NA,NA,0,0,NA,"",""
"731",2479129,"multiciliated",3,1349.66666666667,0,0,NA,0,0,NA,"",""
"732",2479151,"monociliated",1,1762,0,NA,NA,0,0,NA,"",""
"733",2479161,"monociliated",1,1496,0,NA,NA,0,0,NA,"",""
"734",2479170,"monociliated",1,2193,0,NA,NA,0,0,NA,"",""
"735",2479179,"biciliated",2,1015,0,NA,NA,0,0,NA,"",""
"736",2479188,"biciliated",2,1174.5,0,NA,NA,0,0,NA,"",""
"737",2479198,"biciliated",2,1415,0,NA,NA,0,0,NA,"",""
"738",2479210,"monociliated",1,1549,0,NA,NA,0,0,NA,"",""
"739",2479219,"monociliated",1,1009,0,NA,NA,0,0,NA,"",""
"740",2479227,"biciliated",2,1380,0,NA,NA,0,0,NA,"",""
"741",2479237,"biciliated",2,1175,0,NA,NA,0,0,NA,"",""
"742",2479246,"monociliated",1,1083,0,NA,NA,0,0,NA,"",""
"743",2479255,"epithelial_floor",0,NA,NA,NA,NA,0,0,NA,"",""
"744",2479263,"epithelial_floor",0,NA,NA,NA,NA,0,0,NA,"",""
"745",2479270,"epithelial_floor",0,NA,NA,4,NA,0,0,NA,"",""
"746",2479278,"epithelial_floor",0,NA,NA,NA,NA,0,0,NA,"",""
"747",2479285,"monociliated",1,1231,0,1,NA,0,0,NA,"",""
"748",2479292,"epithelial_floor",0,NA,NA,NA,NA,0,0,NA,"",""
"749",2479301,"epithelial_floor",0,NA,NA,NA,NA,0,0,NA,"",""
"750",2479308,"monociliated",1,1247,0,NA,NA,0,0,NA,"",""
"751",2479317,"monociliated",1,986,0,2,NA,0,0,NA,"",""
"752",2479326,"biciliated",2,2617,0,0,NA,0,0,NA,"",""
"753",2479339,"epithelial_floor",0,NA,NA,NA,NA,0,0,NA,"",""
"754",2479347,"biciliated",2,1288,0,2,NA,0,0,NA,"",""
"755",2479357,"epithelial_floor",0,NA,NA,NA,NA,0,0,NA,"",""
"756",2479366,"monociliated",0,1724,0,NA,NA,0,0,NA,"",""
"757",2479375,"biciliated",2,1258.5,0,NA,NA,0,0,NA,"",""
"758",2479419,"biciliated",2,842,0,NA,NA,0,0,NA,"",""
"759",2479429,"multiciliated",3,1315,0,2,NA,0,0,NA,"",""
"760",2479440,"biciliated",2,1446,0,NA,NA,0,0,NA,"",""
"761",2479460,"biciliated",2,1495,0,NA,NA,0,0,NA,"",""
"762",2479470,"monociliated",1,1118,0,NA,NA,0,0,NA,"",""
"763",2479479,"biciliated",2,1646.5,0,NA,NA,0,0,NA,"",""
"764",2479490,"biciliated",2,1212.5,0,NA,NA,0,0,NA,"",""
"765",2479500,"epithelial_floor",0,NA,NA,NA,NA,0,0,NA,"",""
"766",2479507,"monociliated",1,702,590,NA,NA,0,0,NA,"",""
"767",2479516,"epithelial_floor",0,NA,NA,NA,NA,0,0,NA,"",""
"768",2479524,"dense_vesicle",0,NA,NA,NA,NA,0,0,NA,"",""
"769",2479532,"biciliated",2,1844.5,0,NA,NA,0,0,NA,"",""
"770",2479542,"biciliated",2,932.5,0,NA,NA,0,0,NA,"",""
"771",2479552,"multiciliated",3,1015.33333333333,0,3,NA,0,0,NA,"",""
"772",2479563,"biciliated",2,1504,0,NA,NA,0,0,NA,"",""
"773",2479573,"biciliated",2,2488,0,NA,NA,0,0,NA,"",""
"774",2479591,"biciliated",2,1246,0,NA,NA,0,0,NA,"",""
"775",2479606,"multiciliated",3,2154.66666666667,0,2,NA,0,0,NA,"",""
"776",2479639,"biciliated",2,1288,0,NA,NA,0,0,NA,"",""
"777",2479780,"balancer",1,NA,NA,NA,NA,0,0,NA,"",""
"778",2479820,"balancer",1,NA,NA,NA,NA,0,0,NA,"",""
"779",2479831,"epithelial_floor",0,NA,NA,NA,NA,1,0,NA,"",""
"780",2479837,"epithelial_floor",0,NA,NA,NA,NA,0,0,NA,"",""
"781",2479844,"epithelial_floor",0,NA,NA,NA,NA,0,0,NA,"",""
"782",2479850,"Cgroove",0,NA,NA,NA,NA,0,0,NA,"",""
"783",2479859,"epithelial_floor",0,NA,NA,NA,NA,1,0,NA,"",""
"784",2479866,"Cgroove",0,NA,NA,NA,7,1,0,NA,"",""
"785",2479873,"epithelial_floor",0,NA,NA,NA,NA,3,0,NA,"SSN",""
"786",2479981,"epithelial_floor",0,NA,NA,NA,NA,0,0,NA,"",""
"787",2479987,"epithelial_floor",0,NA,NA,NA,NA,0,0,NA,"",""
"788",2479993,"Cgroove",0,NA,NA,NA,NA,0,0,NA,"",""
"789",2480016,"Cgroove",0,NA,NA,NA,NA,0,0,NA,"",""
"790",2480023,"epithelial_floor",0,NA,NA,NA,NA,1,0,NA,"",""
"791",2480029,"monociliated",1,7115,0,NA,NA,0,0,NA,"",""
"792",2480037,"epithelial_floor",0,NA,NA,NA,NA,0,0,NA,"",""
"793",2480044,"epithelial_floor",0,NA,NA,NA,NA,1,0,NA,"",""
"794",2480050,"Cgroove",0,NA,NA,NA,NA,1,0,NA,"",""
"795",2480056,"epithelial_floor",0,NA,NA,NA,NA,0,0,NA,"",""
"796",2480062,"epithelial_floor",0,NA,NA,NA,NA,0,0,NA,"",""
"797",2480071,"epithelial_floor",0,NA,NA,NA,NA,1,0,NA,"SSN",""
"798",2480077,"epithelial_floor",0,NA,NA,NA,NA,2,0,NA,"SSN",""
"799",2480082,"monociliated",1,9063,0,NA,NA,0,0,NA,"",""
"800",2480113,NA,0,NA,NA,NA,NA,3,11,0.909090909090909,"SSN","SSN, epithelial_floor, dome, Cgroove, balancer"
"801",2480125,"epithelial_floor",0,NA,NA,NA,NA,0,0,NA,"",""
"802",2480131,"epithelial_floor",0,NA,NA,NA,NA,1,0,NA,"",""
"803",2480136,"epithelial_floor",0,NA,NA,NA,NA,2,0,NA,"SSN",""
"804",2480149,"monociliated",1,3093,0,NA,NA,1,0,NA,"SSN",""
"805",2480156,"bridge",0,NA,NA,NA,NA,6,0,NA,"SSN",""
"806",2480165,"epithelial_floor",0,NA,NA,NA,NA,2,0,NA,"SSN",""
"807",2480171,"epithelial_floor",0,NA,NA,NA,NA,0,0,NA,"",""
"808",2480176,"epithelial_floor",0,NA,NA,NA,NA,1,0,NA,"SSN",""
"809",2480181,"bridge",0,NA,NA,NA,NA,1,0,NA,"SSN",""
"810",2480190,"bridge",0,NA,NA,NA,NA,3,0,NA,"SSN",""
"811",2480197,"epithelial_floor",0,NA,NA,NA,NA,0,0,NA,"",""
"812",2480205,"bridge",0,NA,NA,NA,8,7,2,1.5,"SSN","SSN, balancer"
"813",2480215,"epithelial_floor",0,NA,NA,NA,NA,1,0,NA,"SSN",""
"814",2480221,"bridge",0,NA,NA,NA,7,6,2,1.5,"SSN","SSN"
"815",2480230,"bridge",0,NA,NA,3,NA,1,0,NA,"SSN",""
"816",2480239,"bridge",0,NA,NA,1,6,2,0,NA,"SSN, bridge",""
"817",2480248,"bridge",0,NA,NA,0,10,1,0,NA,"SSN",""
"818",2480254,"bridge",0,NA,NA,2,4,1,0,NA,"SSN",""
"819",2480293,"monociliated",1,7137,0,NA,NA,5,0,NA,"SSN",""
"820",2480302,NA,0,NA,NA,2,5,3,0,NA,"SSN",""
"821",2480313,NA,0,NA,NA,2,4,5,0,NA,"SSN",""
"822",2480329,"nonciliated",0,NA,NA,NA,NA,3,0,NA,"SSN",""
"823",2480354,"nonciliated",0,NA,NA,NA,NA,1,0,NA,"SSN",""
"824",2480362,"nonciliated",0,NA,NA,0,NA,5,0,NA,"SSN",""
"825",2480369,"nonciliated",0,NA,NA,NA,NA,1,0,NA,"SSN",""
"826",2480375,"nonciliated",0,NA,NA,0,NA,6,0,NA,"SSN",""
"827",2480391,"nonciliated",0,NA,NA,2,NA,2,0,NA,"SSN",""
"828",2480399,"nonciliated",0,NA,NA,2,NA,0,0,NA,"",""
"829",2480406,"bridge",0,NA,NA,NA,NA,4,0,NA,"SSN, bridge",""
"830",2480414,"nonciliated",0,NA,NA,NA,NA,1,0,NA,"SSN",""
"831",2480452,NA,3,1748,0,20,NA,0,0,NA,"",""
"832",2480480,"nonciliated",0,NA,NA,NA,NA,3,0,NA,"SSN",""
"833",2480491,"monociliated",1,1159,0,NA,NA,1,0,NA,"SSN",""
"834",2480505,"nonciliated",0,NA,NA,NA,NA,2,0,NA,"SSN",""
"835",2480526,"nonciliated",0,NA,NA,NA,NA,3,0,NA,"SSN",""
"836",2498433,"dense_vesicle",0,NA,NA,3,NA,5,0,NA,"SSN",""
"837",2480578,"nonciliated",0,NA,NA,NA,NA,2,0,NA,"SSN",""
"838",2480587,"nonciliated",0,NA,NA,NA,NA,3,0,NA,"SSN",""
"839",2480595,"biciliated",2,2938.5,0,NA,NA,4,0,NA,"SSN",""
"840",2480605,"nonciliated",0,NA,NA,NA,NA,4,0,NA,"SSN",""
"841",2480619,"nonciliated",0,NA,NA,NA,NA,4,0,NA,"SSN",""
"842",2480627,"nonciliated",0,NA,NA,NA,NA,1,0,NA,"SSN",""
"843",2480645,"nonciliated",0,NA,NA,NA,NA,2,0,NA,"SSN",""
"844",2480667,"monociliated",1,2439,0,NA,NA,0,0,NA,"",""
"845",2480776,"nonciliated",0,NA,NA,NA,NA,0,0,NA,"",""
"846",2480782,"multiciliated",0,1150.66666666667,0,0,NA,0,0,NA,"",""
"847",2480792,"monociliated",0,NA,NA,4,NA,0,0,NA,"",""
"848",2480819,"monociliated",1,1197,0,NA,NA,0,0,NA,"",""
"849",2480828,"monociliated",1,876,0,5,NA,0,0,NA,"",""
"850",2480837,"biciliated",2,1484.5,0,NA,NA,0,0,NA,"",""
"851",2480871,"monociliated",1,1498,0,NA,NA,0,0,NA,"",""
"852",2480900,"biciliated",2,2668.5,0,NA,NA,0,0,NA,"",""
"853",2480921,"biciliated",2,1564.5,0,6,NA,0,0,NA,"",""
"854",2480943,"biciliated",2,1527.5,0,NA,3,0,0,NA,"",""
"855",2480961,"nonciliated",0,NA,NA,NA,NA,0,0,NA,"",""
"856",2480968,"nonciliated",0,NA,NA,NA,NA,0,0,NA,"",""
"857",2480974,"dense_vesicle",0,NA,NA,2,NA,0,0,NA,"",""
"858",2481016,"Cgroove",0,NA,NA,NA,NA,0,0,NA,"",""
"859",2481022,"Cgroove",0,NA,NA,NA,NA,0,0,NA,"",""
"860",2483302,"nonciliated",0,NA,NA,NA,NA,0,0,NA,"",""
"861",2483309,"nonciliated",0,NA,NA,NA,NA,0,0,NA,"",""
"862",2483317,"nonciliated",0,NA,NA,NA,NA,0,0,NA,"",""
"863",2483324,"nonciliated",0,NA,NA,NA,NA,0,0,NA,"",""
"864",2483332,"nonciliated",0,NA,NA,NA,NA,0,0,NA,"",""
"865",2483339,"nonciliated",0,NA,NA,NA,NA,0,0,NA,"",""
"866",2483345,"nonciliated",0,NA,NA,NA,NA,2,0,NA,"SSN",""
"867",2483351,"nonciliated",0,NA,NA,NA,NA,0,0,NA,"",""
"868",2483358,"nonciliated",0,NA,NA,NA,NA,0,0,NA,"",""
"869",2484371,"epithelial_floor",0,NA,NA,NA,NA,0,0,NA,"",""
"870",2484674,"nonciliated",0,NA,NA,NA,NA,0,0,NA,"",""
"871",2486384,"Cgroove",0,NA,NA,NA,NA,1,0,NA,"SSN",""
"872",2486483,"Cgroove",0,NA,NA,NA,NA,0,0,NA,"",""
"873",2487604,"epithelial_floor",0,NA,NA,NA,NA,0,0,NA,"",""
"874",2487613,"biciliated",2,7788.5,0,NA,NA,0,0,NA,"",""
"875",2487620,"biciliated",2,8104,0,NA,NA,0,0,NA,"",""
"876",2487628,"epithelial_floor",0,NA,NA,NA,NA,0,0,NA,"",""
"877",2487635,"epithelial_floor",0,NA,NA,NA,NA,0,0,NA,"",""
"878",2487643,"monociliated",0,3071,0,NA,0,1,0,NA,"",""
"879",2487651,"epithelial_floor",0,NA,NA,NA,NA,5,0,NA,"",""
"880",2487661,"epithelial_floor",0,NA,NA,NA,NA,0,0,NA,"",""
"881",2487669,"monociliated",1,887,0,NA,NA,0,0,NA,"",""
"882",2436531,"SSN",0,NA,NA,NA,84,13,67,1.73134328358209,"SSN, bridge","SSN, nonciliated, monociliated, dense_vesicle, bridge, balancer"
"883",2497202,NA,0,NA,NA,NA,4,1,0,NA,"SSN",""
"884",2510657,"monociliated",1,964,0,NA,NA,0,0,NA,"",""
"885",2510905,NA,0,NA,NA,NA,NA,0,0,NA,"",""
"886",2510919,NA,0,NA,NA,NA,NA,0,0,NA,"",""
"887",2510927,NA,0,NA,NA,NA,NA,0,0,NA,"",""
"888",2510936,NA,0,NA,NA,NA,NA,0,0,NA,"",""
"889",2510946,NA,1,8467,0,NA,NA,0,0,NA,"",""
"890",2514151,NA,0,NA,NA,5,NA,0,0,NA,"",""
"891",2515551,NA,1,1003,0,NA,NA,0,0,NA,"",""
"892",2520978,"epithelial_floor",0,NA,NA,NA,NA,0,0,NA,"",""
"893",2520989,NA,1,3082,0,NA,NA,0,0,NA,"",""
"894",2521004,NA,0,NA,NA,2,NA,0,0,NA,"",""
"895",2521024,NA,0,NA,NA,NA,NA,0,0,NA,"",""
"896",2521040,NA,0,NA,NA,0,NA,0,0,NA,"",""
"897",2521057,NA,0,NA,NA,NA,NA,0,0,NA,"",""
"898",2521075,NA,0,NA,NA,NA,NA,0,0,NA,"",""
"899",2521087,NA,1,NA,NA,NA,NA,0,0,NA,"",""
"900",2521108,NA,0,NA,NA,NA,NA,0,0,NA,"",""
"901",2521116,NA,0,NA,NA,NA,NA,0,0,NA,"",""
"902",2521136,NA,0,NA,NA,NA,NA,0,0,NA,"",""
"903",2521150,NA,0,NA,NA,NA,NA,0,0,NA,"",""
"904",2521164,NA,0,NA,NA,NA,NA,0,0,NA,"",""
"905",2521184,NA,0,NA,NA,NA,NA,0,0,NA,"",""
"906",2521196,NA,0,NA,NA,8,NA,0,0,NA,"",""
"907",2521263,NA,0,NA,NA,NA,NA,0,0,NA,"",""
"908",2521271,NA,0,NA,NA,11,NA,0,0,NA,"",""
"909",2521307,NA,0,NA,NA,2,NA,0,0,NA,"",""
"910",2521332,NA,0,NA,NA,0,NA,0,0,NA,"",""
"911",2524131,NA,0,NA,NA,NA,NA,1,0,NA,"",""
"912",2524156,NA,1,1145,0,1,NA,0,0,NA,"",""
"913",2437047,"bridge",0,NA,NA,0,38,16,4,1.25,"SSN, bridge","SSN, bridge"
"914",2525824,NA,0,NA,NA,NA,NA,0,0,NA,"",""
"915",2525842,NA,0,NA,NA,NA,NA,0,0,NA,"",""
"916",2511570,NA,0,NA,NA,NA,NA,1,0,NA,"",""
"917",2525830,NA,0,NA,NA,NA,NA,0,0,NA,"",""
"918",2525815,NA,0,NA,NA,NA,NA,0,0,NA,"",""
"919",2525778,NA,0,NA,NA,NA,NA,0,0,NA,"",""
"920",2436172,"SSN",0,NA,NA,NA,138,19,121,2,"SSN, bridge","SSN, nonciliated, monociliated, epithelial_floor, bridge, balancer"
"921",2538385,NA,0,NA,NA,NA,NA,0,0,NA,"",""
"922",2539407,"SNN",0,NA,NA,NA,NA,0,0,NA,"",""
"923",2525773,NA,0,NA,NA,NA,NA,0,0,NA,"",""
"924",2540037,NA,0,9373,0,NA,NA,0,0,NA,"",""
"925",2540852,"monociliated",1,1395,0,NA,NA,0,0,NA,"",""
"926",2549375,NA,0,NA,NA,NA,NA,0,0,NA,"",""
"927",2550709,NA,0,NA,NA,NA,NA,0,0,NA,"",""
"928",2550716,NA,0,NA,NA,NA,NA,0,0,NA,"",""
"929",2523976,"lithocyte",0,NA,NA,NA,NA,0,0,NA,"",""
"930",2523982,"lithocyte",0,NA,NA,NA,NA,0,0,NA,"",""
"931",2480142,"lithocyte",0,NA,NA,NA,43,0,0,NA,"",""
"932",2545267,"lithocyte",0,NA,NA,NA,NA,0,0,NA,"",""
"933",2559176,"SNN",0,NA,NA,0,9,0,0,NA,"",""
"934",2559591,NA,0,NA,NA,NA,NA,0,0,NA,"",""
"935",2559990,NA,0,NA,NA,NA,NA,0,0,NA,"",""
